Rk,Player,Tm,Age,Pos,G,GS,Tgt,Rec,Ctch%,Yds,Y/R,TD,1D,Succ%,Lng,Y/Tgt,R/G,Y/G,Fmb,Player-additional
1,Stefon Diggs,BUF,30,WR,8,8,90,64,71.1%,748,11.7,6,37,55.6,55,8.3,8.0,93.5,1,DiggSt00
2,Tyreek Hill,MIA,29,WR,8,8,87,61,70.1%,1014,16.6,8,45,60.9,69,11.7,7.6,126.8,0,HillTy00
3,Puka Nacua,LAR,22,WR,8,8,89,61,68.5%,795,13.0,2,38,58.4,37,8.9,7.6,99.4,1,NacuPu00
4,A.J. Brown,PHI,26,WR,8,8,83,60,72.3%,939,15.7,5,43,57.8,59,11.3,7.5,117.4,0,BrowAJ00
5,Ja'Marr Chase,CIN,23,WR,7,7,85,60,70.6%,656,10.9,4,40,64.7,63,7.7,8.6,93.7,1,ChasJa00
6,Amon-Ra St. Brown,DET,24,WR,7,7,78,57,73.1%,665,11.7,3,33,62.8,44,8.5,8.1,95.0,1,StxxAm00
7,Adam Thielen,CAR,33,WR,7,7,70,57,81.4%,581,10.2,4,35,62.9,31,8.3,8.1,83.0,0,ThieAd00
8,Keenan Allen,LAC,31,WR,7,7,74,54,73.0%,643,11.9,4,28,56.8,42,8.7,7.7,91.9,1,AlleKe00
9,Travis Kelce,KAN,34,TE,7,7,68,54,79.4%,583,10.8,4,31,64.7,53,8.6,7.7,83.3,0,KelcTr00
10,T.J. Hockenson,MIN,26,TE,8,5,68,53,77.9%,478,9.0,3,27,51.5,24,7.0,6.6,59.8,1,HockTJ00
11,Evan Engram,JAX,29,TE,8,7,61,51,83.6%,434,8.5,0,19,55.7,34,7.1,6.4,54.3,2,EngrEv00
12,Michael Pittman Jr.,IND,26,WR,8,8,78,50,64.1%,529,10.6,3,20,42.3,75,6.8,6.3,66.1,1,PittMi01
13,Davante Adams,LVR,31,WR,8,8,78,47,60.3%,539,11.5,3,32,56.4,32,6.9,5.9,67.4,0,AdamDa01
14,CeeDee Lamb,DAL,24,WR,7,7,56,46,82.1%,633,13.8,3,29,69.6,49,11.3,6.6,90.4,1,LambCe00
15,Zay Flowers,BAL,23,WR,8,8,61,44,72.1%,461,10.5,1,19,54.1,52,7.6,5.5,57.6,0,FlowZa00
16,D.J. Moore,CHI,26,WR,8,8,57,44,77.2%,691,15.7,5,31,63.2,58,12.1,5.5,86.4,0,MoorD.00
17,Chris Olave,NOR,23,WR,8,6,77,44,57.1%,517,11.8,1,27,51.9,45,6.7,5.5,64.6,0,OlavCh00
18,Christian Kirk,JAX,27,WR,8,8,60,43,71.7%,520,12.1,3,23,60.0,45,8.7,5.4,65.0,1,KirkCh01
19,Sam LaPorta,DET,22,TE,8,6,59,43,72.9%,434,10.1,4,22,52.5,45,7.4,5.4,54.3,0,LaPoSa01
20,Terry McLaurin,WAS,28,WR,8,8,63,42,66.7%,495,11.8,2,23,50.8,32,7.9,5.3,61.9,0,McLaTe00
21,Josh Downs,IND,22,WR,8,6,56,40,71.4%,473,11.8,2,20,57.1,59,8.4,5.0,59.1,0,DownJo00
22,Alvin Kamara,NOR,28,RB,5,5,44,39,88.6%,228,5.8,1,12,43.2,25,5.2,7.8,45.6,0,KamaAl00
23,DeVonta Smith,PHI,25,WR,8,8,57,39,68.4%,482,12.4,3,18,45.6,63,8.5,4.9,60.3,0,SmitDe07
24,Garrett Wilson,NYJ,23,WR,7,7,68,39,57.4%,469,12.0,2,20,44.1,68,6.9,5.6,67.0,0,WilsGa00
25,Marquise Brown,ARI,26,WR,8,8,69,38,55.1%,416,10.9,4,26,47.8,41,6.0,4.8,52.0,0,BrowMa04
26,Chris Godwin,TAM,27,WR,7,7,56,38,67.9%,452,11.9,1,25,53.6,42,8.1,5.4,64.6,0,GodwCh00
27,Jakobi Meyers,LVR,27,WR,7,7,57,38,66.7%,404,10.6,5,24,54.4,25,7.1,5.4,57.7,0,MeyeJa01
28,Michael Thomas,NOR,30,WR,8,5,61,38,62.3%,439,11.6,1,21,55.7,31,7.2,4.8,54.9,0,ThomMi05
29,Kendrick Bourne,NWE,28,WR,8,5,55,37,67.3%,406,11.0,4,15,49.1,36,7.4,4.6,50.8,1,BourKe00
30,Drake London,ATL,22,WR,8,8,57,37,64.9%,438,11.8,2,24,52.6,32,7.7,4.6,54.8,0,LondDr00
31,Jaylen Waddle,MIA,25,WR,7,7,53,37,69.8%,480,13.0,3,24,56.6,35,9.1,5.3,68.6,0,WaddJa00
32,Jordan Addison,MIN,21,WR,8,5,52,36,69.2%,482,13.4,7,21,53.8,62,9.3,4.5,60.3,0,AddiJo00
33,Justin Jefferson,MIN,24,WR,5,5,53,36,67.9%,571,15.9,3,28,64.2,52,10.8,7.2,114.2,1,JeffJu00
34,Darren Waller,NYG,31,TE,8,8,51,36,70.6%,384,10.7,1,18,58.8,27,7.5,4.5,48.0,0,WallDa01
35,Brandon Aiyuk,SFO,25,WR,7,7,52,35,67.3%,620,17.7,2,30,65.4,42,11.9,5.0,88.6,0,AiyuBr00
36,Dallas Goedert,PHI,28,TE,8,8,48,35,72.9%,360,10.3,2,21,60.4,49,7.5,4.4,45.0,0,GoedDa00
37,Cole Kmet,CHI,24,TE,8,8,42,35,83.3%,319,9.1,3,18,66.7,23,7.6,4.4,39.9,1,KmetCo00
38,Tyler Lockett,SEA,31,WR,7,7,49,35,71.4%,370,10.6,3,19,67.3,36,7.6,5.0,52.9,0,LockTy00
39,Curtis Samuel,WAS,27,WR,8,5,43,35,81.4%,332,9.5,2,15,53.5,37,7.7,4.4,41.5,0,SamuCu00
40,Tyler Boyd,CIN,29,WR,7,7,44,33,75.0%,244,7.4,2,12,52.3,22,5.5,4.7,34.9,0,BoydTy00
41,Nico Collins,HOU,24,WR,7,4,48,33,68.8%,577,17.5,3,25,60.4,52,12.0,4.7,82.4,0,CollNi00
42,Mike Evans,TAM,30,WR,7,7,55,33,60.0%,507,15.4,5,19,52.7,70,9.2,4.7,72.4,0,EvanMi00
43,Calvin Ridley,JAX,29,WR,8,8,58,33,56.9%,451,13.7,2,19,50.0,32,7.8,4.1,56.4,1,RidlCa00
44,Courtland Sutton,DEN,28,WR,8,8,46,33,71.7%,380,11.5,6,19,60.9,33,8.3,4.1,47.5,2,SuttCo00
45,Mark Andrews,BAL,28,TE,7,6,45,32,71.1%,397,12.4,6,23,62.2,38,8.8,4.6,56.7,0,AndrMa00
46,George Kittle,SFO,30,TE,8,8,43,32,74.4%,443,13.8,3,20,62.8,38,10.3,4.0,55.4,0,KittGe00
47,Christian McCaffrey,SFO,27,RB,8,8,37,32,86.5%,292,9.1,4,18,70.3,35,7.9,4.0,36.5,3,McCaCh01
48,Gabriel Davis,BUF,24,WR,8,8,47,31,66.0%,434,14.0,5,21,61.7,40,9.2,3.9,54.3,1,DaviGa01
49,DeAndre Hopkins,TEN,31,WR,7,7,53,31,58.5%,504,16.3,3,23,50.9,61,9.5,4.4,72.0,0,HopkDe00
50,Amari Cooper,CLE,29,WR,7,7,58,30,51.7%,478,15.9,1,21,46.6,58,8.2,4.3,68.3,1,CoopAm00
51,Jahan Dotson,WAS,23,WR,8,8,49,30,61.2%,291,9.7,2,14,46.9,23,5.9,3.8,36.4,0,DotsJa00
52,Dalton Kincaid,BUF,24,TE,7,5,34,30,88.2%,258,8.6,1,11,70.6,22,7.6,4.3,36.9,0,KincDa00
53,K.J. Osborn,MIN,26,WR,8,7,47,30,63.8%,360,12.0,2,16,42.6,36,7.7,3.8,45.0,0,OsboKJ00
54,Rashee Rice,KAN,23,WR,8,2,39,30,76.9%,361,12.0,3,17,56.4,39,9.3,3.8,45.1,0,RiceRa01
55,Jonnu Smith,ATL,28,TE,8,2,36,29,80.6%,322,11.1,1,16,61.1,33,8.9,3.6,40.3,1,SmitJo01
56,Logan Thomas,WAS,32,TE,7,7,40,29,72.5%,280,9.7,3,15,60.0,27,7.0,4.1,40.0,1,ThomLo00
57,Rachaad White,TAM,24,RB,7,7,30,29,96.7%,233,8.0,0,10,60.0,22,7.8,4.1,33.3,1,WhitRa01
58,Tutu Atwell,LAR,24,WR,8,8,47,28,59.6%,361,12.9,3,20,51.1,44,7.7,3.5,45.1,0,AtweTu00
59,Jahmyr Gibbs,DET,21,RB,6,3,33,28,84.8%,165,5.9,0,11,54.5,21,5.0,4.7,27.5,0,GibbJa01
60,Josh Jacobs,LVR,25,RB,8,8,43,28,65.1%,242,8.6,0,12,53.5,21,5.6,3.5,30.3,1,JacoJo01
61,David Njoku,CLE,27,TE,7,7,39,28,71.8%,293,10.5,1,12,51.3,41,7.5,4.0,41.9,1,NjokDa00
62,George Pickens,PIT,22,WR,7,7,53,28,52.8%,522,18.6,3,20,47.2,71,9.8,4.0,74.6,1,PickGe00
63,Kyle Pitts,ATL,23,TE,8,6,48,28,58.3%,333,11.9,1,17,50.0,39,6.9,3.5,41.6,0,PittKy00
64,D'Andre Swift,PHI,24,RB,8,7,33,28,84.8%,135,4.8,1,4,45.5,11,4.1,3.5,16.9,1,SwifDA00
65,Romeo Doubs,GNB,23,WR,7,6,51,27,52.9%,276,10.2,5,18,39.2,30,5.4,3.9,39.4,0,DoubRo00
66,Zach Ertz,ARI,33,TE,7,7,43,27,62.8%,187,6.9,1,8,41.9,17,4.3,3.9,26.7,0,ErtzZa00
67,Travis Etienne,JAX,24,RB,8,8,35,27,77.1%,266,9.9,1,12,57.1,56,7.6,3.4,33.3,0,EtieTr00
68,Jerry Jeudy,DEN,24,WR,7,5,40,27,67.5%,336,12.4,1,16,45.0,46,8.4,3.9,48.0,1,JeudJe00
69,D.K. Metcalf,SEA,26,WR,6,6,46,27,58.7%,404,15.0,2,21,56.5,43,8.8,4.5,67.3,0,MetcDK00
70,Elijah Moore,CLE,23,WR,7,4,48,27,56.3%,256,9.5,0,11,39.6,33,5.3,3.9,36.6,1,MoorEl00
71,Tyler Higbee,LAR,30,TE,8,8,42,26,61.9%,286,11.0,0,14,50.0,33,6.8,3.3,35.8,0,HigbTy00
72,Tony Pollard,DAL,26,RB,7,7,30,26,86.7%,178,6.8,0,6,43.3,60,5.9,3.7,25.4,2,PollTo00
73,Bijan Robinson,ATL,21,RB,8,7,37,26,70.3%,189,7.3,2,10,40.5,29,5.1,3.3,23.6,1,RobiBi01
74,Jaylen Warren,PIT,25,RB,7,0,32,26,81.3%,184,7.1,0,8,43.8,30,5.8,3.7,26.3,1,WarrJa01
75,Jake Ferguson,DAL,24,TE,7,6,33,25,75.8%,237,9.5,2,12,60.6,21,7.2,3.6,33.9,0,FergJa00
76,Trey McBride,ARI,24,TE,8,3,35,25,71.4%,265,10.6,1,13,57.1,27,7.6,3.1,33.1,0,McBrTr01
77,Rhamondre Stevenson,NWE,25,RB,8,8,34,25,73.5%,173,6.9,0,6,32.4,34,5.1,3.1,21.6,0,StevRh00
78,Michael Wilson,ARI,23,WR,8,7,33,25,75.8%,401,16.0,2,19,60.6,69,12.2,3.1,50.1,0,WilsMi02
79,Luke Musgrave,GNB,23,TE,7,6,31,24,77.4%,198,8.3,0,8,45.2,37,6.4,3.4,28.3,0,MusgLu00
80,Isiah Pacheco,KAN,24,RB,8,7,27,24,88.9%,160,6.7,1,6,51.9,33,5.9,3.0,20.0,0,PachIs00
81,Hunter Henry,NWE,29,TE,8,7,34,23,67.6%,238,10.3,2,15,64.7,21,7.0,2.9,29.8,0,HenrHu00
82,Josh Palmer,LAC,24,WR,7,4,39,23,59.0%,377,16.4,1,13,48.7,60,9.7,3.3,53.9,1,PalmJo00
83,Wan'Dale Robinson,NYG,22,WR,6,2,28,23,82.1%,163,7.1,0,11,53.6,22,5.8,3.8,27.2,0,RobiWa01
84,Dalton Schultz,HOU,27,TE,7,2,39,23,59.0%,220,9.6,3,12,43.6,31,5.6,3.3,31.4,0,SchuDa00
85,Rashid Shaheed,NOR,25,WR,8,3,38,23,60.5%,479,20.8,3,16,50.0,58,12.6,2.9,59.9,1,ShahRa00
86,Jaxon Smith-Njigba,SEA,21,WR,7,1,36,23,63.9%,209,9.1,2,10,41.7,28,5.8,3.3,29.9,0,SmitJa06
87,Tank Dell,HOU,24,WR,6,4,32,22,68.8%,340,15.5,2,14,56.3,68,10.6,3.7,56.7,1,DellNa00
88,Cade Otton,TAM,24,TE,7,7,29,22,75.9%,174,7.9,1,9,44.8,16,6.0,3.1,24.9,0,OttoCa00
89,Samaje Perine,DEN,28,RB,8,1,26,22,84.6%,231,10.5,0,10,73.1,29,8.9,2.8,28.9,2,PeriSa00
90,Josh Reynolds,DET,28,WR,8,6,31,22,71.0%,397,18.0,3,20,71.0,33,12.8,2.8,49.6,1,ReynJo00
91,Robert Woods,HOU,31,WR,6,6,43,22,51.2%,227,10.3,1,15,41.9,25,5.3,3.7,37.8,0,WoodRo02
92,Cooper Kupp,LAR,30,WR,4,4,38,21,55.3%,316,15.0,1,12,44.7,49,8.3,5.3,79.0,0,KuppCo00
93,Alexander Mattison,MIN,25,RB,8,8,32,21,65.6%,109,5.2,2,3,31.3,16,3.4,2.6,13.6,1,MattAl01
94,Chigoziem Okonkwo,TEN,24,TE,7,5,32,21,65.6%,145,6.9,0,7,37.5,20,4.5,3.0,20.7,0,OkonCh00
95,Braxton Berrios,MIA,28,WR,8,1,25,20,80.0%,194,9.7,1,12,56.0,22,7.8,2.5,24.3,0,BerrBr00
96,Tyler Conklin,NYJ,28,TE,7,5,29,20,69.0%,227,11.4,0,8,41.4,37,7.8,2.9,32.4,0,ConkTy00
97,Michael Gallup,DAL,27,WR,7,7,35,20,57.1%,224,11.2,0,9,45.7,29,6.4,2.9,32.0,0,GallMi00
98,Antonio Gibson,WAS,25,RB,8,0,24,20,83.3%,185,9.3,1,9,41.7,41,7.7,2.5,23.1,3,GibsAn00
99,Jayden Reed,GNB,23,WR,7,6,37,20,54.1%,314,15.7,3,14,45.9,44,8.5,2.9,44.9,1,ReedJa03
100,Deebo Samuel,SFO,27,WR,6,6,32,20,62.5%,302,15.1,1,12,53.1,42,9.4,3.3,50.3,1,SamuDe00
101,Saquon Barkley,NYG,26,RB,5,5,25,19,76.0%,87,4.6,2,7,36.0,32,3.5,3.8,17.4,1,BarkSa00
102,Demario Douglas,NWE,23,WR,7,2,30,19,63.3%,222,11.7,0,10,46.7,42,7.4,2.7,31.7,1,DougDe00
103,Gerald Everett,LAC,29,TE,6,5,23,19,82.6%,149,7.8,2,12,56.5,29,6.5,3.2,24.8,1,EverGe00
104,Mike Gesicki,NWE,28,TE,8,4,25,19,76.0%,160,8.4,1,8,56.0,18,6.4,2.4,20.0,0,GesiMi00
105,Breece Hall,NYJ,22,RB,7,7,27,19,70.4%,189,9.9,1,6,44.4,50,7.0,2.7,27.0,2,HallBr03
106,Tee Higgins,CIN,24,WR,6,5,42,19,45.2%,218,11.5,2,13,42.9,33,5.2,3.2,36.3,0,HiggTe00
107,Jonathan Mingo,CAR,22,WR,6,6,34,19,55.9%,195,10.3,0,9,41.2,40,5.7,3.2,32.5,0,MingJo00
108,Joe Mixon,CIN,27,RB,7,7,24,19,79.2%,127,6.7,0,4,54.2,32,5.3,2.7,18.1,0,MixoJo00
109,Rondale Moore,ARI,23,WR,8,3,31,19,61.3%,123,6.5,0,8,38.7,31,4.0,2.4,15.4,0,MoorRo02
110,Raheem Mostert,MIA,31,RB,8,8,23,19,82.6%,151,7.9,2,5,52.2,22,6.6,2.4,18.9,3,MostRa00
111,Darius Slayton,NYG,26,WR,8,5,34,19,55.9%,257,13.5,0,12,41.2,31,7.6,2.4,32.1,0,SlayDa01
112,Kadarius Toney,KAN,24,WR,8,2,27,19,70.4%,109,5.7,1,9,44.4,17,4.0,2.4,13.6,1,ToneKa00
113,Mike Williams,LAC,29,WR,3,3,26,19,73.1%,249,13.1,1,9,53.8,49,9.6,6.3,83.0,0,WillMi07
114,James Cook,BUF,24,RB,8,5,22,18,81.8%,192,10.7,1,8,54.5,48,8.7,2.3,24.0,0,CookJa01
115,Kalif Raymond,DET,29,WR,8,3,23,18,78.3%,231,12.8,1,10,65.2,36,10.0,2.3,28.9,0,RaymKa00
116,Allen Robinson,PIT,30,WR,7,7,28,18,64.3%,144,8.0,0,4,42.9,31,5.1,2.6,20.6,0,RobiAl02
117,Tyjae Spears,TEN,22,RB,7,0,24,18,75.0%,120,6.7,0,5,25.0,48,5.0,2.6,17.1,0,SpeaTy00
118,Nelson Agholor,BAL,30,WR,8,2,22,17,77.3%,222,13.1,2,11,59.1,30,10.1,2.1,27.8,1,AghoNe00
119,Allen Lazard,NYJ,28,WR,7,7,29,17,58.6%,255,15.0,1,13,51.7,39,8.8,2.4,36.4,0,LazaAl00
120,Terrace Marshall Jr.,CAR,23,WR,6,2,28,17,60.7%,123,7.2,0,7,46.4,14,4.4,2.8,20.5,1,MarsTe00
121,Alec Pierce,IND,23,WR,8,8,30,17,56.7%,243,14.3,0,14,56.7,38,8.1,2.1,30.4,0,PierAl00
122,Nick Westbrook-Ikhine,TEN,26,WR,7,4,25,17,68.0%,201,11.8,3,9,60.0,33,8.0,2.4,28.7,0,WestNi00
123,Javonte Williams,DEN,23,RB,7,6,22,17,77.3%,78,4.6,1,3,40.9,17,3.5,2.4,11.1,0,WillJa10
124,Parris Campbell,NYG,26,WR,8,3,23,16,69.6%,85,5.3,0,1,34.8,17,3.7,2.0,10.6,0,CampPa00
125,Brandin Cooks,DAL,30,WR,6,6,27,16,59.3%,158,9.9,2,12,51.9,25,5.9,2.7,26.3,1,CookBr00
126,Austin Ekeler,LAC,28,RB,4,4,21,16,76.2%,177,11.1,1,8,42.9,39,8.4,4.0,44.3,1,EkelAu00
127,Kylen Granson,IND,25,TE,6,2,26,16,61.5%,170,10.6,1,11,46.2,45,6.5,2.7,28.3,0,GranKy00
128,Taysom Hill,NOR,33,QB,8,5,20,16,80.0%,129,8.1,0,3,55.0,19,6.5,2.0,16.1,0,HillTa00
129,Diontae Johnson,PIT,27,WR,4,3,26,16,61.5%,212,13.3,0,11,57.7,39,8.2,4.0,53.0,0,JohnDi01
130,Zack Moss,IND,26,RB,7,5,20,16,80.0%,123,7.7,1,6,40.0,26,6.2,2.3,17.6,0,MossZa00
131,DJ Chark,CAR,27,WR,6,4,31,15,48.4%,220,14.7,2,9,38.7,47,7.1,2.5,36.7,0,CharDJ00
132,Jerome Ford,CLE,24,RB,7,3,21,15,71.4%,106,7.1,2,5,42.9,19,5.0,2.1,15.1,1,FordJe00
133,Noah Gray,KAN,24,TE,8,5,21,15,71.4%,180,12.0,1,6,57.1,34,8.6,1.9,22.5,0,GrayNo00
134,Derrick Henry,TEN,29,RB,7,7,17,15,88.2%,138,9.2,0,3,64.7,46,8.1,2.1,19.7,0,HenrDe00
135,Justice Hill,BAL,26,RB,7,4,15,15,100.0%,67,4.5,0,2,33.3,24,4.5,2.1,9.6,1,HillJu00
136,Chuba Hubbard,CAR,24,RB,7,2,17,15,88.2%,85,5.7,0,5,35.3,14,5.0,2.1,12.1,0,HubbCh01
137,Dawson Knox,BUF,27,TE,7,7,28,15,53.6%,102,6.8,1,7,39.3,15,3.6,2.1,14.6,0,KnoxDa00
138,Jerick McKinnon,KAN,31,RB,8,0,21,15,71.4%,126,8.4,2,7,42.9,27,6.0,1.9,15.8,0,McKiJe00
139,Darnell Mooney,CHI,26,WR,8,8,28,15,53.6%,225,15.0,1,8,42.9,41,8.0,1.9,28.1,0,MoonDa00
140,DeVante Parker,NWE,30,WR,7,7,25,15,60.0%,158,10.5,0,7,52.0,22,6.3,2.1,22.6,0,ParkDe01
141,Miles Sanders,CAR,26,RB,6,5,24,15,62.5%,81,5.4,0,4,33.3,14,3.4,2.5,13.5,2,SandMi01
142,JuJu Smith-Schuster,NWE,27,WR,6,3,26,15,57.7%,89,5.9,1,5,34.6,15,3.4,2.5,14.8,0,SmitJu00
143,Calvin Austin,PIT,24,WR,7,1,24,14,58.3%,162,11.6,1,5,41.7,72,6.8,2.0,23.1,0,AustCa00
144,Rashod Bateman,BAL,24,WR,7,3,20,14,70.0%,152,10.9,0,6,60.0,29,7.6,2.0,21.7,0,BateRa00
145,Odell Beckham Jr.,BAL,31,WR,6,4,26,14,53.8%,162,11.6,0,8,42.3,32,6.2,2.3,27.0,0,BeckOd00
146,Noah Fant,SEA,26,TE,7,7,16,14,87.5%,226,16.1,0,8,81.3,51,14.1,2.0,32.3,0,FantNo00
147,Kenneth Gainwell,PHI,24,RB,7,1,17,14,82.4%,73,5.2,0,4,47.1,17,4.3,2.0,10.4,2,GainKe00
148,Mack Hollins,ATL,30,WR,8,2,26,14,53.8%,211,15.1,0,8,46.2,45,8.1,1.8,26.4,0,HollMa00
149,Hayden Hurst,CAR,30,TE,7,6,24,14,58.3%,116,8.3,1,6,54.2,16,4.8,2.0,16.6,0,HursHa00
150,Roschon Johnson,CHI,22,RB,6,0,16,14,87.5%,68,4.9,0,2,31.3,8,4.3,2.3,11.3,0,JohnRo07
151,Skyy Moore,KAN,23,WR,8,6,27,14,51.9%,168,12.0,1,9,48.1,54,6.2,1.8,21.0,0,MoorSk01
152,Khalil Shakir,BUF,23,WR,8,3,15,14,93.3%,167,11.9,1,9,86.7,30,11.1,1.8,20.9,0,ShakKh00
153,Durham Smythe,MIA,28,TE,8,7,19,14,73.7%,151,10.8,0,9,68.4,22,7.9,1.8,18.9,0,SmytDu00
154,Kenneth Walker III,SEA,23,RB,7,7,18,14,77.8%,110,7.9,0,5,55.6,36,6.1,2.0,15.7,0,WalkKe00
155,Ezekiel Elliott,NWE,28,RB,8,0,17,13,76.5%,59,4.5,0,1,23.5,15,3.5,1.6,7.4,1,ElliEz00
156,Najee Harris,PIT,25,RB,7,7,17,13,76.5%,94,7.2,0,3,47.1,32,5.5,1.9,13.4,1,HarrNa00
157,Deonte Harty,BUF,26,WR,8,1,16,13,81.3%,113,8.7,1,7,56.3,43,7.1,1.6,14.1,1,HarrDe07
158,Donald Parham,LAC,26,TE,7,5,19,13,68.4%,104,8.0,4,11,63.2,17,5.5,1.9,14.9,0,ParhDo00
159,Brandon Powell,MIN,28,WR,8,1,19,13,68.4%,142,10.9,0,9,52.6,27,7.5,1.6,17.8,1,PoweBr00
160,Brian Robinson Jr.,WAS,24,RB,8,8,16,13,81.3%,133,10.2,2,6,56.3,24,8.3,1.6,16.6,1,RobiBr01
161,Deven Thompkins,TAM,24,WR,7,1,18,13,72.2%,73,5.6,1,5,38.9,26,4.1,1.9,10.4,3,ThomDe07
162,Kyren Williams,LAR,23,RB,6,5,24,13,54.2%,105,8.1,1,5,41.7,20,4.4,2.2,17.5,1,WillKy02
163,Matt Breida,NYG,28,RB,8,3,13,12,92.3%,58,4.8,0,2,23.1,22,4.5,1.5,7.3,1,BreiMa00
164,Emari Demercado,ARI,24,RB,8,2,16,12,75.0%,64,5.3,0,2,31.3,13,4.0,1.5,8.0,0,DemeEm00
165,Connor Heyward,PIT,24,TE,7,2,19,12,63.2%,89,7.4,0,4,52.6,12,4.7,1.7,12.7,0,HeywCo00
166,Isaiah Hodgins,NYG,25,WR,8,6,18,12,66.7%,120,10.0,1,5,66.7,24,6.7,1.5,15.0,1,HodgIs00
167,Austin Hooper,LVR,29,TE,8,3,13,12,92.3%,118,9.8,0,5,69.2,20,9.1,1.5,14.8,0,HoopAu00
168,Van Jefferson,2TM,27,,8,5,24,12,50.0%,137,11.4,0,6,37.5,46,5.7,1.5,17.1,0,JeffVa00
169,Jauan Jennings,SFO,26,WR,7,2,21,12,57.1%,181,15.1,0,7,52.4,31,8.6,1.7,25.9,0,JennJa00
170,Quentin Johnston,LAC,22,WR,7,2,21,12,57.1%,114,9.5,0,8,42.9,20,5.4,1.7,16.3,0,JohnQu02
171,Jaleel McLaughlin,DEN,23,RB,8,1,14,12,85.7%,65,5.4,2,2,28.6,22,4.6,1.5,8.1,0,McLaJa00
172,Trey Palmer,TAM,22,WR,7,1,24,12,50.0%,116,9.7,2,7,37.5,26,4.8,1.7,16.6,0,PalmTr00
173,Marquez Valdes-Scantling,KAN,29,WR,8,8,21,12,57.1%,227,18.9,1,9,52.4,46,10.8,1.5,28.4,1,ValdMa00
174,Justin Watson,KAN,27,WR,7,2,20,12,60.0%,261,21.8,0,9,60.0,37,13.1,1.7,37.3,1,WatsJu01
175,Salvon Ahmed,MIA,25,RB,6,0,17,11,64.7%,55,5.0,0,3,29.4,20,3.2,1.8,9.2,0,AhmeSa01
176,Trenton Irwin,CIN,28,WR,6,2,13,11,84.6%,101,9.2,0,6,53.8,21,7.8,1.8,16.8,2,IrwiTr00
177,Michael Mayer,LVR,22,TE,8,6,17,11,64.7%,148,13.5,0,8,52.9,32,8.7,1.4,18.5,0,MayeMi00
178,Marvin Mims,DEN,21,WR,8,2,14,11,78.6%,246,22.4,1,6,50.0,60,17.6,1.4,30.8,1,MimsMa00
179,Colby Parkinson,SEA,24,TE,7,1,17,11,64.7%,132,12.0,0,6,52.9,27,7.8,1.6,18.9,0,ParkCo02
180,Adam Trautman,DEN,26,TE,8,6,18,11,61.1%,69,6.3,1,3,44.4,15,3.8,1.4,8.6,0,TrauAd00
181,Christian Watson,GNB,24,WR,4,4,24,11,45.8%,176,16.0,1,7,41.7,77,7.3,2.8,44.0,0,WatsCh00
182,Jake Bobo,SEA,25,WR,7,0,13,10,76.9%,135,13.5,2,7,61.5,31,10.4,1.4,19.3,0,BoboJa00
183,AJ Dillon,GNB,25,RB,7,3,13,10,76.9%,100,10.0,0,4,61.5,29,7.7,1.4,14.3,0,DillAJ00
184,Khalil Herbert,CHI,25,RB,5,5,18,10,55.6%,83,8.3,1,5,38.9,23,4.6,2.0,16.6,1,HerbKh00
185,Aaron Jones,GNB,29,RB,4,4,16,10,62.5%,121,12.1,1,6,43.8,51,7.6,2.5,30.3,1,JoneAa00
186,Foster Moreau,NOR,26,TE,6,5,11,10,90.9%,92,9.2,1,5,72.7,18,8.4,1.7,15.3,0,MoreFo00
187,Latavius Murray,BUF,33,RB,8,3,11,10,90.9%,73,7.3,0,5,54.5,22,6.6,1.3,9.1,0,MurrLa00
188,Josh Oliver,MIN,26,TE,8,6,12,10,83.3%,70,7.0,1,4,50.0,18,5.8,1.3,8.8,1,OlivJo00
189,Hunter Renfrow,LVR,28,WR,8,2,16,10,62.5%,92,9.2,0,5,37.5,23,5.8,1.3,11.5,0,RenfHu00
190,Irv Smith Jr.,CIN,25,TE,5,5,15,10,66.7%,57,5.7,0,2,26.7,11,3.8,2.0,11.4,1,SmitIr01
191,Jonathan Taylor,IND,24,RB,4,2,13,10,76.9%,109,10.9,0,4,38.5,40,8.4,2.5,27.3,0,TaylJo02
192,Dontayvion Wicks,GNB,22,WR,7,2,19,10,52.6%,140,14.0,1,8,52.6,32,7.4,1.4,20.0,0,WickDo00
193,De'Von Achane,MIA,22,RB,4,1,11,9,81.8%,67,7.4,2,5,63.6,17,6.1,2.3,16.8,1,AchaDe00
194,Jamal Agnew,JAX,28,WR,7,1,12,9,75.0%,90,10.0,0,5,66.7,14,7.5,1.3,12.9,1,AgneJa00
195,Tyler Allgeier,ATL,23,RB,8,2,13,9,69.2%,85,9.4,0,3,30.8,46,6.5,1.1,10.6,0,AllgTy00
196,John Bates,WAS,26,TE,8,2,12,9,75.0%,100,11.1,0,3,75.0,35,8.3,1.1,12.5,0,BateJo00
197,Michael Carter,NYJ,24,RB,7,0,13,9,69.2%,44,4.9,0,2,23.1,10,3.4,1.3,6.3,0,CartMi03
198,Dalvin Cook,NYJ,28,RB,7,0,9,9,100.0%,46,5.1,0,1,33.3,15,5.1,1.3,6.6,1,CookDa01
199,Jamison Crowder,WAS,30,WR,8,0,9,9,100.0%,116,12.9,1,7,88.9,26,12.9,1.1,14.5,1,CrowJa00
200,Jalin Hyatt,NYG,22,WR,8,1,14,9,64.3%,195,21.7,0,5,57.1,58,13.9,1.1,24.4,0,HyatJa00
201,Dameon Pierce,HOU,23,RB,7,7,12,9,75.0%,84,9.3,0,2,50.0,27,7.0,1.3,12.0,0,PierDa01
202,Cam Akers,2TM,24,,6,1,9,8,88.9%,57,7.1,0,1,44.4,30,6.3,1.3,9.5,0,AkerCa00
203,Noah Brown,HOU,27,WR,3,1,14,8,57.1%,114,14.3,0,4,42.9,34,8.1,2.7,38.0,0,BrowNo00
204,Zach Charbonnet,SEA,22,RB,6,0,11,8,72.7%,47,5.9,0,1,54.5,10,4.3,1.3,7.8,0,CharZa00
205,James Conner,ARI,28,RB,5,5,10,8,80.0%,30,3.8,0,2,20.0,11,3.0,1.6,6.0,0,ConnJa00
206,Pat Freiermuth,PIT,25,TE,4,4,13,8,61.5%,53,6.6,2,4,38.5,14,4.1,2.0,13.3,0,FreiPa00
207,KhaDarel Hodge,ATL,28,WR,8,2,9,8,88.9%,139,17.4,0,7,88.9,52,15.4,1.0,17.4,1,HodgKh00
208,Brandon Johnson,DEN,25,WR,7,2,13,8,61.5%,122,15.3,3,5,53.8,50,9.4,1.1,17.4,0,JohnBr23
209,Juwan Johnson,NOR,27,TE,4,4,14,8,57.1%,66,8.3,0,2,42.9,27,4.7,2.0,16.5,0,JohnJu02
210,Zay Jones,JAX,28,WR,3,2,18,8,44.4%,78,9.8,2,5,44.4,18,4.3,2.7,26.0,0,JoneZa00
211,Ray-Ray McCloud,SFO,27,WR,8,1,10,8,80.0%,90,11.3,0,4,60.0,41,9.0,1.0,11.3,0,McClRa00
212,Kendre Miller,NOR,21,RB,6,0,9,8,88.9%,80,10.0,0,4,55.6,33,8.9,1.3,13.3,0,MillKe01
213,Andrew Ogletree,IND,25,TE,7,5,14,8,57.1%,128,16.0,2,7,50.0,33,9.1,1.1,18.3,0,OgleAn00
214,Donovan Peoples-Jones,CLE,24,WR,7,5,18,8,44.4%,97,12.1,0,4,38.9,29,5.4,1.1,13.9,1,PeopDo00
215,Tyler Scott,CHI,22,WR,8,0,15,8,53.3%,62,7.8,0,4,53.3,13,4.1,1.0,7.8,0,ScotTy00
216,Cole Turner,WAS,23,TE,7,1,12,8,66.7%,82,10.3,0,3,58.3,21,6.8,1.1,11.7,0,TurnCo00
217,Cedrick Wilson Jr.,MIA,28,WR,6,0,10,8,80.0%,117,14.6,1,6,70.0,29,11.7,1.3,19.5,0,WilsCe01
218,Ameer Abdullah,LVR,30,RB,8,0,12,7,58.3%,58,8.3,0,2,25.0,13,4.8,0.9,7.3,0,AbduAm00
219,Pharaoh Brown,NWE,29,TE,8,3,7,7,100.0%,170,24.3,1,6,100.0,58,24.3,0.9,21.3,0,BrowPh01
220,Derius Davis,LAC,23,WR,7,0,8,7,87.5%,38,5.4,0,0,25.0,11,4.8,1.0,5.4,1,DaviDe02
221,Josiah Deguara,GNB,26,TE,7,3,7,7,100.0%,58,8.3,0,3,71.4,19,8.3,1.0,8.3,0,DeguJo00
222,Rico Dowdle,DAL,25,RB,7,0,8,7,87.5%,57,8.1,1,2,62.5,17,7.1,1.0,8.1,0,DowdRi01
223,D'Onta Foreman,CHI,27,RB,4,3,11,7,63.6%,43,6.1,1,4,36.4,17,3.9,1.8,10.8,1,ForeDO00
224,Laviska Shenault Jr.,CAR,25,WR,6,0,7,7,100.0%,43,6.1,0,2,28.6,14,6.1,1.2,7.2,1,ShenLa00
225,Devin Singletary,HOU,26,RB,7,0,9,7,77.8%,42,6.0,0,3,33.3,11,4.7,1.0,6.0,0,SingDe00
226,Jalen Tolbert,DAL,24,WR,7,2,10,7,70.0%,71,10.1,0,4,70.0,18,7.1,1.0,10.1,1,TolbJa00
227,Brock Wright,DET,25,TE,8,3,7,7,100.0%,45,6.4,0,1,85.7,9,6.4,0.9,5.6,0,WrigBr01
228,Dyami Brown,WAS,24,WR,8,1,11,6,54.5%,87,14.5,0,3,54.5,35,7.9,0.8,10.9,0,BrowDy00
229,Treylon Burks,TEN,23,WR,4,4,15,6,40.0%,99,16.5,0,2,33.3,70,6.6,1.5,24.8,0,BurkTr00
230,River Cracraft,MIA,29,WR,3,1,8,6,75.0%,87,14.5,1,6,75.0,24,10.9,2.0,29.0,0,CracRi00
231,Will Dissly,SEA,27,TE,6,6,6,6,100.0%,56,9.3,0,3,83.3,16,9.3,1.0,9.3,0,DissWi00
232,Gus Edwards,BAL,28,RB,8,3,7,6,85.7%,107,17.8,0,2,71.4,80,15.3,0.8,13.4,1,EdwaGu00
233,Clyde Edwards-Helaire,KAN,24,RB,8,1,7,6,85.7%,36,6.0,0,2,42.9,10,5.1,0.8,4.5,0,EdwaCl00
234,Kareem Hunt,CLE,28,RB,5,2,8,6,75.0%,58,9.7,0,3,62.5,13,7.3,1.2,11.6,0,HuntKa00
235,Kyle Juszczyk,SFO,32,FB,8,7,6,6,100.0%,39,6.5,1,3,100.0,9,6.5,0.8,4.9,0,JuszKy00
236,John Metchie,HOU,23,WR,6,0,7,6,85.7%,72,12.0,0,4,71.4,22,10.3,1.0,12.0,0,MetcJo00
237,Scott Miller,ATL,26,WR,8,0,7,6,85.7%,74,12.3,1,2,42.9,46,10.6,0.8,9.3,0,MillSc01
238,David Montgomery,DET,26,RB,5,5,10,6,60.0%,66,11.0,0,4,60.0,19,6.6,1.2,13.2,2,MontDa01
239,Trent Sherfield,BUF,27,WR,8,0,8,6,75.0%,44,7.3,0,1,50.0,9,5.5,0.8,5.5,0,SherTr00
240,Robert Tonyan,CHI,29,TE,8,3,8,6,75.0%,47,7.8,0,2,50.0,11,5.9,0.8,5.9,0,TonyRo00
241,Tommy Tremble,CAR,23,TE,7,1,7,6,85.7%,45,7.5,2,4,85.7,21,6.4,0.9,6.4,0,TremTo00
242,KaVontae Turpin,DAL,27,WR,7,0,8,6,75.0%,64,10.7,1,5,75.0,26,8.0,0.9,9.1,1,TurpKa00
243,Zamir White,LVR,24,RB,8,0,6,6,100.0%,38,6.3,0,2,50.0,15,6.3,0.8,4.8,1,WhitZa01
244,Jameson Williams,DET,22,WR,4,2,15,6,40.0%,71,11.8,1,2,20.0,45,4.7,1.5,17.8,0,WillJa11
245,Mo Alie-Cox,IND,30,TE,8,3,8,5,62.5%,72,14.4,1,4,50.0,35,9.0,0.6,9.0,0,AlieMo00
246,Gary Brightwell,NYG,24,RB,7,0,7,5,71.4%,47,9.4,0,2,42.9,18,6.7,0.7,6.7,0,BrigGa00
247,Ty Chandler,MIN,25,RB,8,0,6,5,83.3%,43,8.6,0,2,50.0,18,7.2,0.6,5.4,0,ChanTy01
248,Chase Claypool,2TM,25,,5,2,16,5,31.3%,66,13.2,1,4,25.0,20,4.1,1.0,13.2,0,ClayCh01
249,Darrynton Evans,CHI,25,RB,3,0,8,5,62.5%,30,6.0,0,1,37.5,8,3.8,1.7,10.0,0,EvanDa02
250,Luke Farrell,JAX,26,TE,8,4,5,5,100.0%,35,7.0,0,2,80.0,16,7.0,0.6,4.4,0,FarrLu00
251,Deon Jackson,2TM,24,,3,1,6,5,83.3%,14,2.8,0,0,33.3,8,2.3,1.7,4.7,2,JackDe02
252,Marvin Jones,DET,33,WR,6,4,10,5,50.0%,35,7.0,0,2,30.0,16,3.5,0.8,5.8,1,JoneMa02
253,Tim Jones,JAX,25,WR,8,1,7,5,71.4%,27,5.4,0,1,28.6,13,3.9,0.6,3.4,0,JoneTi00
254,Brevin Jordan,HOU,23,TE,6,0,5,5,100.0%,51,10.2,1,4,100.0,16,10.2,0.8,8.5,0,JordBr00
255,Isaiah McKenzie,IND,28,WR,8,0,7,5,71.4%,39,7.8,0,2,42.9,12,5.6,0.6,4.9,1,McKeIs00
256,Chris Moore,TEN,30,WR,7,2,9,5,55.6%,140,28.0,0,4,44.4,49,15.6,0.7,20.0,1,MoorCh00
257,Craig Reynolds,DET,27,RB,8,0,5,5,100.0%,47,9.4,0,2,60.0,28,9.4,0.6,5.9,1,ReynCr00
258,Patrick Taylor,GNB,25,RB,4,0,10,5,50.0%,28,5.6,0,3,30.0,12,2.8,1.3,7.0,0,TaylPa01
259,Samori Toure,GNB,25,WR,7,0,11,5,45.5%,62,12.4,0,3,27.3,35,5.6,0.7,8.9,0,TourSa00
260,C.J. Uzomah,NYJ,30,TE,7,5,6,5,83.3%,41,8.2,1,4,83.3,19,6.8,0.7,5.9,0,UzomC.00
261,Deuce Vaughn,DAL,22,RB,5,0,5,5,100.0%,19,3.8,0,1,20.0,11,3.8,1.0,3.8,0,VaugDe00
262,Olamide Zaccheaus,PHI,26,WR,8,1,10,5,50.0%,79,15.8,1,3,50.0,34,7.9,0.6,9.9,0,ZaccOl01
263,Nate Adkins,DEN,24,TE,6,0,5,4,80.0%,22,5.5,0,1,20.0,11,4.4,0.7,3.7,0,AdkiNa00
264,Jordan Akins,CLE,31,TE,7,2,7,4,57.1%,26,6.5,0,1,42.9,12,3.7,0.6,3.7,0,AkinJo00
265,David Bell,CLE,23,WR,7,0,7,4,57.1%,33,8.3,0,3,57.1,14,4.7,0.6,4.7,0,BellDa02
266,Daniel Bellinger,NYG,23,TE,8,6,5,4,80.0%,22,5.5,0,0,60.0,8,4.4,0.5,2.8,0,BellDa00
267,Mike Boone,HOU,28,RB,6,0,5,4,80.0%,29,7.3,0,2,60.0,12,5.8,0.7,4.8,1,BoonMi00
268,Nick Chubb,CLE,28,RB,2,2,4,4,100.0%,21,5.3,0,1,50.0,10,5.3,2.0,10.5,0,ChubNi00
269,DeeJay Dallas,SEA,25,RB,7,0,5,4,80.0%,11,2.8,0,1,20.0,14,2.2,0.6,1.6,1,DallDe00
270,C.J. Ham,MIN,30,FB,8,3,5,4,80.0%,16,4.0,0,1,40.0,7,3.2,0.5,2.0,0,HamxC.00
271,Mecole Hardman,2TM,25,,7,0,8,4,50.0%,25,6.3,0,2,37.5,12,3.1,0.6,3.6,1,HardMe00
272,Darrell Henderson,LAR,26,RB,2,2,5,4,80.0%,59,14.8,0,2,60.0,32,11.8,2.0,29.5,0,HendDa00
273,Tanner Hudson,CIN,29,TE,2,0,6,4,66.7%,48,12.0,0,2,66.7,26,8.0,2.0,24.0,0,HudsTa00
274,Lil'Jordan Humphrey,DEN,25,WR,8,4,5,4,80.0%,26,6.5,1,2,80.0,11,5.2,0.5,3.3,0,HumpLi01
275,Alec Ingold,MIA,27,FB,8,7,5,4,80.0%,62,15.5,0,3,80.0,23,12.4,0.5,7.8,0,IngoAl01
276,Keaontay Ingram,ARI,24,RB,6,1,4,4,100.0%,26,6.5,0,1,50.0,9,6.5,0.7,4.3,0,IngrKe01
277,Tony Jones,NOR,26,RB,4,1,6,4,66.7%,21,5.3,0,1,33.3,10,3.5,1.0,5.3,0,JoneTo04
278,Isaiah Likely,BAL,23,TE,8,5,5,4,80.0%,42,10.5,0,2,80.0,20,8.4,0.5,5.3,0,LikeIs00
279,Ty Montgomery,NWE,30,WR,8,0,9,4,44.4%,23,5.8,0,2,33.3,11,2.6,0.5,2.9,0,MontTy01
280,Zach Pascal,ARI,29,WR,7,0,9,4,44.4%,19,4.8,0,1,33.3,9,2.1,0.6,2.7,0,PascZa00
281,Kyle Philips,TEN,24,WR,3,0,6,4,66.7%,30,7.5,0,0,16.7,10,5.0,1.3,10.0,1,PhilKy01
282,Byron Pringle,WAS,30,WR,8,0,7,4,57.1%,45,11.3,0,2,42.9,16,6.4,0.5,5.6,0,PrinBy00
283,MyCole Pruitt,ATL,31,TE,8,5,7,4,57.1%,44,11.0,0,2,42.9,22,6.3,0.5,5.5,0,PruiMy00
284,Patrick Ricard,BAL,29,FB,8,3,4,4,100.0%,48,12.0,0,2,50.0,28,12.0,0.5,6.0,0,RicaPa00
285,Ronnie Rivers,LAR,24,RB,6,0,4,4,100.0%,18,4.5,0,0,25.0,10,4.5,0.7,3.0,0,RiveRo01
286,Jeremy Ruckert,NYJ,23,TE,7,2,5,4,80.0%,36,9.0,0,2,40.0,23,7.2,0.6,5.1,0,RuckJe00
287,Sterling Shepard,NYG,30,WR,7,1,6,4,66.7%,26,6.5,0,2,33.3,13,4.3,0.6,3.7,1,ShepSt00
288,Brenton Strange,JAX,23,TE,8,1,6,4,66.7%,34,8.5,1,2,33.3,17,5.7,0.5,4.3,0,StraBr00
289,Tre Tucker,LVR,22,WR,7,0,7,4,57.1%,73,18.3,0,2,28.6,48,10.4,0.6,10.4,0,TuckTr00
290,Quez Watkins,PHI,25,WR,3,2,5,4,80.0%,21,5.3,0,1,60.0,9,4.2,1.3,7.0,0,WatkQu00
291,Josh Whyle,TEN,24,TE,6,1,4,4,100.0%,44,11.0,1,4,100.0,24,11.0,0.7,7.3,0,WhylJo01
292,Trayveon Williams,CIN,26,RB,7,0,6,4,66.7%,7,1.8,0,0,16.7,5,1.2,0.6,1.0,0,WillTr06
293,Blake Bell,KAN,32,TE,8,0,5,3,60.0%,19,6.3,1,1,60.0,8,3.8,0.4,2.4,1,BellBl00
294,Ronnie Bell,SFO,23,WR,8,0,4,3,75.0%,31,10.3,1,2,75.0,15,7.8,0.4,3.9,0,BellRo01
295,Raheem Blackshear,CAR,24,RB,3,0,3,3,100.0%,30,10.0,0,1,100.0,19,10.0,1.0,10.0,0,BlacRa00
296,Chase Brown,CIN,23,RB,5,0,3,3,100.0%,7,2.3,0,0,33.3,8,2.3,0.6,1.4,0,BrowCh10
297,Harrison Bryant,CLE,25,TE,7,3,8,3,37.5%,7,2.3,1,1,12.5,3,0.9,0.4,1.0,0,BryaHa00
298,Randall Cobb,NYJ,33,WR,6,1,12,3,25.0%,20,6.7,0,2,16.7,12,1.7,0.5,3.3,0,CobbRa00
299,Greg Dulcich,DEN,23,TE,2,1,4,3,75.0%,25,8.3,0,2,50.0,13,6.3,1.5,12.5,0,DulcGr00
300,Marquise Goodwin,CLE,33,WR,7,0,9,3,33.3%,10,3.3,0,0,0.0,6,1.1,0.4,1.4,0,GoodMa00
301,Melvin Gordon,BAL,30,RB,2,0,3,3,100.0%,46,15.3,0,3,100.0,23,15.3,1.5,23.0,0,GordMe00
302,Brycen Hopkins,LAR,26,TE,8,0,4,3,75.0%,31,10.3,0,1,50.0,21,7.8,0.4,3.9,0,HopkBr01
303,Andrei Iosivas,CIN,24,WR,7,0,4,3,75.0%,14,4.7,2,2,75.0,9,3.5,0.4,2.0,0,IosiAn00
304,Rakim Jarrett,TAM,22,WR,7,0,7,3,42.9%,19,6.3,0,0,28.6,9,2.7,0.4,2.7,0,JarrRa00
305,D'Ernest Johnson,JAX,27,RB,8,0,3,3,100.0%,15,5.0,0,2,66.7,9,5.0,0.4,1.9,0,JohnDE04
306,Velus Jones Jr.,CHI,26,WR,7,0,4,3,75.0%,9,3.0,0,0,50.0,5,2.3,0.4,1.3,0,JoneVe00
307,Will Mallory,IND,24,TE,4,0,6,3,50.0%,55,18.3,0,2,33.3,43,9.2,0.8,13.8,0,MallWi00
308,Elijah Mitchell,SFO,25,RB,5,0,5,3,60.0%,2,0.7,0,0,20.0,9,0.4,0.6,0.4,0,MitcEl00
309,Justyn Ross,KAN,24,WR,7,0,6,3,50.0%,34,11.3,0,1,50.0,20,5.7,0.4,4.9,0,RossJu00
310,Drew Sample,CIN,27,TE,7,2,4,3,75.0%,10,3.3,0,0,0.0,7,2.5,0.4,1.4,0,SampDr00
311,Boston Scott,PHI,28,RB,7,0,3,3,100.0%,25,8.3,0,1,33.3,14,8.3,0.4,3.6,0,ScotBo02
312,Ben Skowronek,LAR,26,WR,8,0,6,3,50.0%,33,11.0,1,2,33.3,20,5.5,0.4,4.1,0,SkowBe00
313,Isaiah Spiller,LAC,22,RB,5,0,3,3,100.0%,20,6.7,0,1,100.0,10,6.7,0.6,4.0,0,SpilIs00
314,Geoff Swaim,ARI,30,TE,8,3,4,3,75.0%,30,10.0,0,2,75.0,11,7.5,0.4,3.8,0,SwaiGe00
315,Mitchell Wilcox,CIN,27,TE,7,0,4,3,75.0%,17,5.7,0,0,50.0,7,4.3,0.4,2.4,0,WilcMi01
316,Jamaal Williams,NOR,28,RB,4,2,3,3,100.0%,15,5.0,0,0,66.7,8,5.0,0.8,3.8,1,WillJa06
317,Emanuel Wilson,GNB,24,RB,4,0,3,3,100.0%,14,4.7,0,0,100.0,6,4.7,0.8,3.5,1,WilsEm00
318,Jeff Wilson,MIA,28,RB,2,0,3,3,100.0%,18,6.0,0,0,66.7,7,6.0,1.5,9.0,0,WilsJe01
319,Khari Blasingame,CHI,27,FB,8,1,4,2,50.0%,5,2.5,0,0,25.0,4,1.3,0.3,0.6,0,BlasKh00
320,Lawrence Cager,NYG,26,TE,5,0,2,2,100.0%,17,8.5,0,1,100.0,9,8.5,0.4,3.4,0,CageLa01
321,DeAndre Carter,LVR,30,WR,8,1,5,2,40.0%,21,10.5,0,0,20.0,16,4.2,0.3,2.6,1,CartDe02
322,J.K. Dobbins,BAL,25,RB,1,1,3,2,66.7%,15,7.5,0,0,66.7,10,5.0,2.0,15.0,0,DobbJK00
323,Elijah Dotson,LAC,24,RB,4,0,2,2,100.0%,13,6.5,0,0,100.0,7,6.5,0.5,3.3,0,DotsEl00
324,Kenyan Drake,BAL,29,RB,2,0,3,2,66.7%,31,15.5,0,0,66.7,24,10.3,1.0,15.5,1,DrakKe00
325,Devin Duvernay,BAL,26,WR,8,1,7,2,28.6%,8,4.0,0,0,0.0,10,1.1,0.3,1.0,0,DuveDe00
326,Chase Edmonds,TAM,27,RB,3,0,3,2,66.7%,16,8.0,0,0,66.7,9,5.3,0.7,5.3,0,EdmoCh00
327,Damien Harris,BUF,26,RB,6,0,2,2,100.0%,16,8.0,0,0,0.0,13,8.0,0.3,2.7,0,HarrDa06
328,Julio Jones,PHI,34,WR,2,0,3,2,66.7%,11,5.5,1,1,33.3,8,3.7,1.0,5.5,0,JoneJu02
329,Joshua Kelley,LAC,26,RB,7,3,5,2,40.0%,7,3.5,0,0,20.0,5,1.4,0.3,1.0,0,KellJo01
330,Tucker Kraft,GNB,23,TE,7,0,2,2,100.0%,5,2.5,0,0,50.0,6,2.5,0.3,0.7,0,KrafTu00
331,Marcedes Lewis,CHI,39,TE,8,2,2,2,100.0%,24,12.0,0,1,100.0,16,12.0,0.3,3.0,0,LewiMa00
332,Hunter Luepke,DAL,23,RB,7,0,2,2,100.0%,10,5.0,0,1,50.0,12,5.0,0.3,1.4,0,LuepHu00
333,Anthony McFarland Jr.,PIT,24,RB,2,0,2,2,100.0%,11,5.5,0,1,100.0,6,5.5,1.0,5.5,0,McFaAn00
334,Johnny Mundt,MIN,29,TE,8,0,2,2,100.0%,19,9.5,0,1,100.0,11,9.5,0.3,2.4,0,MundJo00
335,Cordarrelle Patterson,ATL,32,RB,5,0,2,2,100.0%,13,6.5,0,1,100.0,7,6.5,0.4,2.6,0,PattCo00
336,Teagan Quitoriano,HOU,23,TE,7,5,3,2,66.7%,33,16.5,0,2,66.7,22,11.0,0.3,4.7,0,QuitTe00
337,Luke Schoonmaker,DAL,25,TE,7,0,7,2,28.6%,14,7.0,1,2,28.6,13,2.0,0.3,2.0,0,SchoLu00
338,Ben Sims,GNB,23,TE,7,0,2,2,100.0%,14,7.0,0,2,100.0,12,7.0,0.3,2.0,0,SimsBe00
339,Stone Smartt,LAC,25,TE,7,2,3,2,66.7%,29,14.5,0,1,66.7,24,9.7,0.3,4.1,0,SmarSt00
340,Keith Smith,ATL,31,FB,8,4,2,2,100.0%,27,13.5,0,1,50.0,28,13.5,0.3,3.4,0,SmitKe03
341,Jack Stoll,PHI,25,TE,8,5,3,2,66.7%,10,5.0,0,0,66.7,6,3.3,0.3,1.3,0,StolJa00
342,Ian Thomas,CAR,27,TE,5,2,4,2,50.0%,36,18.0,0,1,25.0,28,9.0,0.4,7.2,0,ThomIa00
343,Tyquan Thornton,NWE,23,WR,2,1,3,2,66.7%,8,4.0,0,0,0.0,6,2.7,1.0,4.0,0,ThorTy00
344,Sean Tucker,TAM,22,RB,6,0,2,2,100.0%,9,4.5,0,0,50.0,6,4.5,0.3,1.5,0,TuckSe00
345,David Wells,TAM,28,TE,4,0,2,2,100.0%,-10,-5.0,0,1,50.0,1,-5.0,0.5,-2.5,1,WellDa00
346,Damien Williams,ARI,31,RB,3,0,2,2,100.0%,12,6.0,0,0,50.0,8,6.0,0.7,4.0,0,WillDa05
347,Alex Armah,WAS,29,RB,2,0,1,1,100.0%,0,0.0,0,0,0.0,0,0.0,0.5,0.0,0,ArmaAl00
348,Andrew Beck,HOU,27,FB,7,6,2,1,50.0%,8,8.0,0,0,50.0,8,4.0,0.1,1.1,1,BeckAn01
349,Tank Bigsby,JAX,22,RB,8,0,3,1,33.3%,6,6.0,0,0,33.3,6,2.0,0.1,0.8,2,BigsTa00
350,Miles Boykin,PIT,27,WR,7,0,2,1,50.0%,5,5.0,0,0,0.0,5,2.5,0.1,0.7,0,BoykMi00
351,Ben Bredeson,NYG,25,G,7,7,1,1,100.0%,0,0.0,0,0,0.0,0,0.0,0.1,0.0,0,BredBe00
352,Michael Burton,DEN,31,FB,8,1,1,1,100.0%,3,3.0,0,1,100.0,3,3.0,0.1,0.4,0,BurtMi00
353,Robbie Chosen,MIA,30,WR,4,0,2,1,50.0%,68,68.0,1,1,50.0,68,34.0,0.3,17.0,0,AndeRo04
354,Payne Durham,TAM,23,TE,3,0,3,1,33.3%,8,8.0,0,1,33.3,8,2.7,0.3,2.7,0,DurhPa00
355,Ross Dwelley,SFO,28,TE,8,0,2,1,50.0%,12,12.0,0,1,50.0,12,6.0,0.1,1.5,0,DwelRo00
356,Chris Evans,CIN,26,RB,5,0,1,1,100.0%,-1,-1.0,0,0,0.0,-1,-1.0,0.2,-0.2,0,EvanCh02
357,Simi Fehoko,LAC,26,WR,3,0,2,1,50.0%,9,9.0,1,1,50.0,9,4.5,0.3,3.0,0,FehoSi00
358,Jake Funk,IND,25,RB,4,0,1,1,100.0%,12,12.0,0,1,100.0,12,12.0,0.3,3.0,0,FunkJa00
359,Reggie Gilliam,BUF,26,FB,8,0,1,1,100.0%,3,3.0,0,0,0.0,3,3.0,0.1,0.4,0,GillRe00
360,Xavier Gipson,NYJ,22,WR,7,0,2,1,50.0%,4,4.0,0,0,0.0,4,2.0,0.1,0.6,3,GipsXa00
361,Jimmy Graham,NOR,37,TE,7,1,2,1,50.0%,8,8.0,1,1,50.0,8,4.0,0.1,1.1,0,GrahJi00
362,Eric Gray,NYG,24,RB,7,0,1,1,100.0%,1,1.0,0,0,0.0,1,1.0,0.1,0.1,3,GrayEr01
363,Antoine Green,DET,24,WR,7,0,2,1,50.0%,2,2.0,0,0,0.0,2,1.0,0.1,0.3,0,GreeAn00
364,Peyton Hendershot,DAL,24,TE,3,0,2,1,50.0%,3,3.0,0,0,0.0,3,1.5,0.3,1.0,0,HendPe01
365,Justin Herbert,LAC,25,QB,7,7,1,1,100.0%,10,10.0,0,1,100.0,10,10.0,0.1,1.4,1,HerbJu00
366,Elijah Higgins,ARI,23,TE,2,0,1,1,100.0%,0,0.0,0,0,0.0,0,0.0,0.5,0.0,0,HiggEl00
367,Julian Hill,MIA,23,TE,6,0,3,1,33.3%,4,4.0,0,0,33.3,4,1.3,0.2,0.7,0,HillJu02
368,Jesper Horsted,LVR,26,TE,8,0,1,1,100.0%,4,4.0,0,0,100.0,4,4.0,0.1,0.5,0,HorsJe00
369,Evan Hull,IND,23,RB,1,0,1,1,100.0%,6,6.0,0,0,100.0,6,6.0,1.0,6.0,0,HullEv00
370,Xavier Hutchinson,HOU,23,WR,7,0,2,1,50.0%,9,9.0,0,1,50.0,9,4.5,0.1,1.3,0,HutcXa00
371,Trishton Jackson,MIN,25,WR,4,0,1,1,100.0%,7,7.0,0,0,0.0,7,7.0,0.3,1.8,0,JackTr02
372,Richie James,KAN,28,WR,2,0,3,1,33.3%,6,6.0,0,0,33.3,6,2.0,0.5,3.0,1,JameRi00
373,Jakob Johnson,LVR,29,FB,8,3,2,1,50.0%,12,12.0,0,0,50.0,12,6.0,0.1,1.5,0,JohnJa12
374,Charlie Jones,CIN,25,WR,3,0,2,1,50.0%,6,6.0,0,1,50.0,6,3.0,0.3,2.0,0,JoneCh11
375,Keith Kirkwood,NOR,29,WR,7,2,4,1,25.0%,1,1.0,0,0,0.0,1,0.3,0.1,0.1,0,KirkKe00
376,Zonovan Knight,DET,22,RB,2,0,1,1,100.0%,8,8.0,0,0,100.0,8,8.0,0.5,4.0,0,KnigZo00
377,Kwamie Lassiter II,CIN,25,WR,1,0,1,1,100.0%,2,2.0,0,0,0.0,2,2.0,1.0,2.0,0,LassKw00
378,Chris Manhertz,DEN,31,TE,8,2,3,1,33.3%,10,10.0,0,1,33.3,10,3.3,0.1,1.3,0,ManhCh00
379,Jordan Mason,SFO,24,RB,8,0,2,1,50.0%,13,13.0,0,1,50.0,13,6.5,0.1,1.6,0,MasoJo00
380,Keaton Mitchell,BAL,21,RB,2,0,1,1,100.0%,9,9.0,0,0,100.0,9,9.0,0.5,4.5,0,MitcKe01
381,Quintin Morris,BUF,24,TE,6,0,1,1,100.0%,15,15.0,1,1,100.0,15,15.0,0.2,2.5,0,MorrQu00
382,Gunner Olszewski,2TM,27,,3,0,1,1,100.0%,0,0.0,0,0,0.0,0,0.0,0.3,0.0,3,OlszGu00
383,Devine Ozigbo,DET,27,RB,3,0,1,1,100.0%,8,8.0,0,0,100.0,8,8.0,0.3,2.7,0,OzigDe01
384,Rashaad Penny,PHI,27,RB,1,0,1,1,100.0%,5,5.0,0,0,100.0,5,5.0,1.0,5.0,0,PennRa00
385,Adam Prentice,NOR,26,FB,5,1,2,1,50.0%,5,5.0,0,0,50.0,5,2.5,0.2,1.0,1,PrenAd00
386,Jalen Reagor,NWE,24,WR,3,0,3,1,33.3%,11,11.0,0,1,33.3,11,3.7,0.3,3.7,0,ReagJa00
387,Giovanni Ricci,CAR,27,TE,5,0,1,1,100.0%,2,2.0,0,0,0.0,2,2.0,0.2,0.4,0,RiccGi00
388,Desmond Ridder,ATL,24,QB,8,8,1,1,100.0%,-6,-6.0,0,0,0.0,-6,-6.0,0.1,-0.8,7,RiddDe00
389,Trey Sermon,IND,24,RB,6,0,3,1,33.3%,4,4.0,0,0,0.0,4,1.3,0.2,0.7,0,SermTr00
390,Donovan Smith,KAN,30,T,8,8,1,1,100.0%,0,0.0,0,0,0.0,0,0.0,0.1,0.0,0,SmitDo02
391,Geno Smith,SEA,33,QB,7,7,1,1,100.0%,-2,-2.0,0,0,0.0,-2,-2.0,0.1,-0.3,2,SmitGe00
392,Willie Snead,SFO,31,WR,2,0,1,1,100.0%,9,9.0,0,0,100.0,9,9.0,0.5,4.5,0,SneaWi00
393,Equanimeous St. Brown,CHI,27,WR,2,0,2,1,50.0%,21,21.0,0,1,50.0,21,10.5,0.5,10.5,0,St.BEq00
394,Pierre Strong,CLE,25,RB,7,0,2,1,50.0%,41,41.0,0,1,50.0,41,20.5,0.1,5.9,0,StroPi00
395,C.J. Stroud,HOU,22,QB,7,7,1,1,100.0%,0,0.0,0,0,0.0,0,0.0,0.1,0.0,3,StroCJ00
396,Stephen Sullivan,CAR,27,TE,2,0,1,1,100.0%,13,13.0,0,1,100.0,13,13.0,0.5,6.5,0,SullSt00
397,Cody Thompson,SEA,27,WR,6,0,1,1,100.0%,10,10.0,0,0,0.0,10,10.0,0.2,1.7,0,ThomCo04
398,Cedric Tillman,CLE,23,WR,4,0,3,1,33.3%,5,5.0,0,1,33.3,5,1.7,0.3,1.3,0,TillCe01
399,Ke'Shawn Vaughn,TAM,26,RB,5,0,4,1,25.0%,3,3.0,0,0,0.0,3,0.8,0.2,0.6,0,VaugKe00
400,Darnell Washington,PIT,22,TE,7,4,3,1,33.3%,10,10.0,0,1,33.3,10,3.3,0.1,1.4,0,WashDa03
401,Trevon Wesco,TEN,28,TE,7,5,2,1,50.0%,21,21.0,0,1,50.0,21,10.5,0.1,3.0,0,WescTr00
402,Kayshon Boutte,NWE,21,WR,1,0,4,0,0.0%,0,,0,0,0.0,0,0.0,0.0,0.0,0,BoutKa00
403,Lynn Bowden Jr.,NOR,26,WR,6,0,1,0,0.0%,0,,0,0,0.0,0,0.0,0.0,0.0,0,BowdLy00
404,Phillip Dorsett,DEN,30,WR,1,0,1,0,0.0%,0,,0,0,0.0,0,0.0,0.0,0.0,0,DorsPh00
405,Greg Dortch,ARI,25,WR,7,0,1,0,0.0%,0,,0,0,0.0,0,0.0,0.0,0.0,0,DortGr01
406,Colton Dowell,TEN,24,WR,3,0,1,0,0.0%,0,,0,0,0.0,0,0.0,0.0,0.0,0,DoweCo00
407,Erik Ezukanma,MIA,23,WR,2,0,1,0,0.0%,0,,0,0,0.0,0,0.0,0.0,0.0,0,EzukEr00
408,Jamycal Hasty,JAX,27,RB,3,0,2,0,0.0%,0,,0,0,0.0,0,0.0,0.0,0.0,0,HastJa02
409,Malik Heath,GNB,23,WR,3,1,4,0,0.0%,0,,0,0,0.0,0,0.0,0.0,0.0,0,HeatMa00
410,Travis Homer,CHI,25,RB,7,0,1,0,0.0%,0,,0,0,0.0,0,0.0,0.0,0.0,0,HomeTr00
411,Ko Kieft,TAM,25,TE,7,5,3,0,0.0%,0,,0,0,0.0,0,0.0,0.0,0.0,0,KiefKo00
412,Charlie Kolar,BAL,24,TE,6,0,1,0,0.0%,0,,0,0,0.0,0,0.0,0.0,0.0,0,KolaCh00
413,Sean McKeon,DAL,26,TE,4,0,2,0,0.0%,0,,0,0,0.0,0,0.0,0.0,0.0,0,McKeSe01
414,Amari Rodgers,IND,24,WR,3,0,2,0,0.0%,0,,0,0,0.0,0,0.0,0.0,0.0,0,RodgAm00
415,Trent Taylor,CHI,29,WR,8,0,1,0,0.0%,0,,0,0,0.0,0,0.0,0.0,0.0,0,TaylTr02
416,Rodney Williams,PIT,25,TE,3,0,2,0,0.0%,0,,0,0,0.0,0,0.0,0.0,0.0,0,WillRo08
417,Juwann Winfree,IND,27,WR,5,0,1,0,0.0%,0,,0,0,0.0,0,0.0,0.0,0.0,0,WinfJu00
