Rk,Player,Pos,Age,Tm,G,GS,MP,FG,FGA,FG%,3P,3PA,3P%,2P,2PA,2P%,eFG%,FT,FTA,FT%,ORB,DRB,TRB,AST,STL,BLK,TOV,PF,PTS-Regular,Player-additional
1,Joel Embiid,C,28,PHI,66,66,34.6,11.0,20.1,.548,1.0,3.0,.330,10.0,17.1,.587,.573,10.0,11.7,.857,1.7,8.4,10.2,4.2,1.0,1.7,3.4,3.1,33.1,embiijo01
2,Luka Dončić,PG,23,DAL,66,66,36.2,10.9,22.0,.496,2.8,8.2,.342,8.1,13.8,.588,.560,7.8,10.5,.742,0.8,7.8,8.6,8.0,1.4,0.5,3.6,2.5,32.4,doncilu01
3,Damian Lillard,PG,32,POR,58,58,36.3,9.6,20.7,.463,4.2,11.3,.371,5.4,9.4,.574,.564,8.8,9.6,.914,0.8,4.0,4.8,7.3,0.9,0.3,3.3,1.9,32.2,lillada01
4,Shai Gilgeous-Alexander,PG,24,OKC,68,68,35.5,10.4,20.3,.510,0.9,2.5,.345,9.5,17.8,.533,.531,9.8,10.9,.905,0.9,4.0,4.8,5.5,1.6,1.0,2.8,2.8,31.4,gilgesh01
5,Giannis Antetokounmpo,PF,28,MIL,63,63,32.1,11.2,20.3,.553,0.7,2.7,.275,10.5,17.6,.596,.572,7.9,12.3,.645,2.2,9.6,11.8,5.7,0.8,0.8,3.9,3.1,31.1,antetgi01
6,Jayson Tatum,SF,24,BOS,74,74,36.9,9.8,21.1,.466,3.2,9.3,.350,6.6,11.8,.558,.543,7.2,8.4,.854,1.1,7.7,8.8,4.6,1.1,0.7,2.9,2.2,30.1,tatumja01
7,Donovan Mitchell,SG,26,CLE,68,68,35.8,10.0,20.6,.484,3.6,9.3,.386,6.4,11.3,.566,.572,4.7,5.4,.867,0.9,3.3,4.3,4.4,1.5,0.4,2.6,2.5,28.3,mitchdo01
8,Kyrie Irving,PG-SG,30,TOT,60,60,37.4,9.9,20.1,.494,3.1,8.3,.379,6.8,11.8,.574,.572,4.1,4.6,.905,1.0,4.1,5.1,5.5,1.1,0.8,2.1,2.8,27.1,irvinky01
9,Jaylen Brown,SF,26,BOS,67,67,35.9,10.1,20.6,.491,2.4,7.3,.335,7.7,13.4,.576,.550,3.9,5.1,.765,1.2,5.7,6.9,3.5,1.1,0.4,2.9,2.6,26.6,brownja02
10,Ja Morant,PG,23,MEM,61,59,31.9,9.3,19.9,.466,1.5,4.9,.307,7.8,15.0,.519,.504,6.1,8.1,.748,1.0,4.9,5.9,8.1,1.1,0.3,3.4,1.6,26.2,moranja01
11,Trae Young,PG,24,ATL,73,73,34.8,8.2,19.0,.429,2.1,6.3,.335,6.1,12.7,.476,.485,7.8,8.8,.886,0.8,2.2,3.0,10.2,1.1,0.1,4.1,1.4,26.2,youngtr01
12,Lauri Markkanen,PF,25,UTA,66,66,34.4,8.7,17.3,.499,3.0,7.7,.391,5.6,9.6,.585,.586,5.3,6.0,.875,2.0,6.7,8.6,1.9,0.6,0.6,1.9,2.1,25.6,markkla01
13,Julius Randle,PF,28,NYK,77,77,35.5,8.5,18.6,.459,2.8,8.3,.343,5.7,10.3,.553,.536,5.2,6.9,.757,1.8,8.1,10.0,4.1,0.6,0.3,2.8,3.0,25.1,randlju01
14,De'Aaron Fox,PG,25,SAC,73,73,33.4,9.3,18.2,.512,1.6,5.0,.324,7.7,13.2,.584,.557,4.7,6.0,.780,0.5,3.6,4.2,6.1,1.1,0.3,2.5,2.4,25.0,foxde01
15,Zach LaVine,SG,27,CHI,77,77,35.9,8.7,18.0,.485,2.6,7.1,.375,6.1,11.0,.556,.558,4.7,5.6,.848,0.5,3.9,4.5,4.2,0.9,0.2,2.5,2.1,24.8,lavinza01
16,Anthony Edwards,SG,21,MIN,79,79,36.0,8.9,19.5,.459,2.7,7.3,.369,6.3,12.2,.513,.528,4.0,5.3,.756,0.6,5.2,5.8,4.4,1.6,0.7,3.3,2.4,24.6,edwaran01
17,DeMar DeRozan,SF,33,CHI,74,74,36.2,8.9,17.6,.504,0.6,1.9,.324,8.3,15.7,.526,.522,6.2,7.1,.872,0.5,4.2,4.6,5.1,1.1,0.5,2.1,2.5,24.5,derozde01
18,Nikola Jokić,C,27,DEN,69,69,33.7,9.4,14.8,.632,0.8,2.2,.383,8.5,12.7,.675,.660,4.9,6.0,.822,2.4,9.4,11.8,9.8,1.3,0.7,3.6,2.5,24.5,jokicni01
19,Pascal Siakam,PF,28,TOR,71,71,37.4,8.9,18.5,.480,1.3,4.0,.324,7.6,14.5,.523,.515,5.2,6.7,.774,1.8,6.0,7.8,5.8,0.9,0.5,2.4,3.2,24.2,siakapa01
20,Jalen Brunson,PG,26,NYK,68,68,35.0,8.6,17.6,.491,2.0,4.7,.416,6.7,12.8,.519,.547,4.8,5.8,.829,0.6,3.0,3.5,6.2,0.9,0.2,2.1,2.2,24.0,brunsja01
21,Kristaps Porziņģis,C,27,WAS,65,65,32.6,7.8,15.7,.498,2.1,5.5,.385,5.7,10.2,.559,.565,5.4,6.4,.851,1.8,6.6,8.4,2.7,0.9,1.5,2.1,3.0,23.2,porzikr01
22,Jimmy Butler,PF,33,MIA,64,64,33.4,7.5,13.9,.539,0.6,1.6,.350,6.9,12.3,.564,.560,7.4,8.7,.850,2.2,3.7,5.9,5.3,1.8,0.3,1.6,1.3,22.9,butleji01
23,Jalen Green,SG,20,HOU,76,76,34.2,7.4,17.9,.416,2.5,7.3,.338,5.0,10.6,.471,.485,4.8,6.1,.786,0.6,3.2,3.7,3.7,0.8,0.2,2.6,1.7,22.1,greenja05
24,Keldon Johnson,SF,23,SAS,63,63,32.7,8.0,17.7,.452,2.1,6.5,.329,5.9,11.2,.523,.512,3.9,5.2,.749,0.9,4.2,5.0,2.9,0.7,0.2,2.1,2.0,22.0,johnske04
25,Klay Thompson,SF,32,GSW,69,69,33.0,7.9,18.1,.436,4.4,10.6,.412,3.6,7.6,.470,.556,1.7,1.9,.879,0.6,3.6,4.1,2.4,0.7,0.4,1.8,1.9,21.9,thompkl01
26,Bojan Bogdanović,PF,33,DET,59,59,32.1,7.3,14.9,.488,2.5,6.0,.411,4.8,9.0,.539,.570,4.5,5.1,.884,0.6,3.2,3.8,2.6,0.6,0.1,2.3,1.9,21.6,bogdabo02
27,Darius Garland,PG,23,CLE,69,69,35.5,7.6,16.4,.462,2.4,6.0,.410,5.1,10.4,.492,.537,4.0,4.7,.863,0.4,2.3,2.7,7.8,1.2,0.1,2.9,2.1,21.6,garlada01
28,Desmond Bane,SG,24,MEM,58,58,31.7,7.8,16.2,.479,2.9,7.0,.408,4.9,9.2,.534,.568,3.1,3.5,.883,0.7,4.3,5.0,4.4,1.0,0.4,2.2,2.6,21.5,banede01
29,Kyle Kuzma,PF,27,WAS,64,64,35.0,8.0,17.8,.448,2.5,7.5,.333,5.5,10.3,.533,.518,2.7,3.7,.730,0.9,6.4,7.2,3.7,0.6,0.5,3.0,2.3,21.2,kuzmaky01
30,Terry Rozier,SG,28,CHO,63,63,35.3,7.8,18.9,.415,2.6,8.0,.327,5.2,10.8,.480,.484,2.8,3.5,.809,0.8,3.3,4.1,5.1,1.2,0.3,2.1,1.9,21.1,roziete01
31,Anfernee Simons,SG,23,POR,62,62,35.0,7.5,16.9,.447,3.4,9.1,.377,4.1,7.8,.528,.548,2.6,2.9,.894,0.3,2.3,2.6,4.1,0.7,0.2,2.1,2.3,21.1,simonan01
32,James Harden,PG,33,PHI,58,58,36.8,6.4,14.5,.441,2.8,7.2,.385,3.6,7.3,.495,.536,5.4,6.2,.867,0.7,5.4,6.1,10.7,1.2,0.5,3.4,1.9,21.0,hardeja01
33,CJ McCollum,SG,31,NOP,75,75,35.3,7.8,17.9,.437,2.8,7.2,.389,5.0,10.7,.469,.515,2.4,3.2,.769,0.7,3.6,4.4,5.7,0.9,0.5,2.4,2.0,20.9,mccolcj01
34,Jordan Clarkson,SG,30,UTA,61,61,32.6,7.5,16.9,.444,2.5,7.5,.338,5.0,9.4,.530,.519,3.3,4.0,.816,1.2,2.9,4.0,4.4,0.5,0.2,3.0,2.0,20.8,clarkjo01
35,Jerami Grant,PF,28,POR,63,63,35.7,6.9,14.5,.475,2.3,5.7,.401,4.6,8.8,.523,.554,4.4,5.4,.813,0.8,3.7,4.5,2.4,0.8,0.8,1.8,2.4,20.5,grantje01
36,Dejounte Murray,SG,26,ATL,74,74,36.4,8.3,17.8,.464,1.8,5.2,.344,6.5,12.6,.514,.514,2.1,2.6,.832,0.7,4.5,5.3,6.1,1.5,0.3,2.2,1.4,20.5,murrade01
37,Bam Adebayo,C,25,MIA,75,75,34.6,8.0,14.9,.540,0.0,0.2,.083,8.0,14.7,.545,.541,4.3,5.4,.806,2.5,6.7,9.2,3.2,1.2,0.8,2.5,2.8,20.4,adebaba01
38,Jordan Poole,PG,23,GSW,82,43,30.0,6.7,15.6,.430,2.6,7.8,.336,4.1,7.8,.524,.514,4.4,5.1,.870,0.4,2.4,2.7,4.5,0.8,0.3,3.1,2.6,20.4,poolejo01
39,Tyrese Maxey,SG,22,PHI,60,41,33.6,7.3,15.2,.481,2.7,6.2,.434,4.7,9.1,.513,.568,3.0,3.6,.845,0.4,2.6,2.9,3.5,0.8,0.1,1.3,2.2,20.3,maxeyty01
40,Mikal Bridges,SF-SG,26,TOT,83,83,35.7,7.1,15.3,.468,2.0,5.3,.382,5.1,9.9,.514,.535,3.8,4.3,.895,1.0,3.4,4.4,3.3,1.1,0.7,1.5,1.9,20.1,bridgmi01
41,Tyler Herro,SG,23,MIA,67,67,34.9,7.3,16.6,.439,3.0,8.0,.378,4.2,8.5,.497,.531,2.5,2.7,.934,0.4,5.0,5.4,4.2,0.8,0.2,2.4,1.5,20.1,herroty01
42,Paolo Banchero,PF,20,ORL,72,72,33.8,6.7,15.6,.427,1.2,4.0,.298,5.5,11.6,.471,.465,5.5,7.4,.738,1.2,5.7,6.9,3.7,0.8,0.5,2.8,2.2,20.0,banchpa01
43,Jamal Murray,PG,25,DEN,65,65,32.8,7.3,16.0,.454,2.6,6.6,.398,4.6,9.4,.494,.537,2.8,3.3,.833,0.7,3.2,4.0,6.2,1.0,0.2,2.2,1.6,20.0,murraja01
44,RJ Barrett,SG,22,NYK,73,73,33.9,7.0,16.1,.434,1.7,5.3,.310,5.3,10.8,.495,.485,4.0,5.4,.740,0.8,4.2,5.0,2.8,0.4,0.2,2.2,2.5,19.6,barrerj01
45,Jrue Holiday,PG,32,MIL,67,65,32.6,7.3,15.3,.479,2.4,6.1,.384,5.0,9.1,.542,.556,2.3,2.6,.859,1.2,3.9,5.1,7.4,1.2,0.4,2.9,1.7,19.3,holidjr01
46,Fred VanVleet,PG,28,TOR,69,69,36.7,6.3,16.1,.393,3.0,8.8,.342,3.3,7.3,.455,.486,3.7,4.1,.898,0.4,3.6,4.1,7.2,1.8,0.6,2.0,2.8,19.3,vanvlfr01
47,Kevin Porter Jr.,PG,22,HOU,59,59,34.3,6.6,15.0,.442,2.4,6.5,.366,4.2,8.5,.501,.522,3.5,4.5,.784,1.3,4.0,5.3,5.7,1.4,0.3,3.2,2.6,19.2,porteke02
48,Domantas Sabonis,C,26,SAC,79,79,34.6,7.3,11.9,.615,0.4,1.1,.373,6.9,10.8,.639,.632,4.1,5.5,.742,3.2,9.1,12.3,7.3,0.8,0.5,2.9,3.5,19.1,sabondo01
49,Jaren Jackson Jr.,C,23,MEM,63,63,28.4,6.6,13.0,.506,1.6,4.5,.355,5.0,8.6,.585,.567,3.8,4.9,.788,1.7,5.0,6.8,1.0,1.0,3.0,1.7,3.6,18.6,jacksja02
50,Franz Wagner,SF,21,ORL,80,80,32.6,6.8,14.0,.485,1.6,4.5,.361,5.2,9.5,.544,.543,3.4,4.0,.842,0.9,3.2,4.1,3.5,1.0,0.2,2.1,2.3,18.6,wagnefr01
51,Deandre Ayton,C,24,PHO,67,67,30.4,7.8,13.2,.589,0.1,0.4,.292,7.7,12.9,.597,.592,2.3,3.0,.760,2.6,7.4,10.0,1.7,0.6,0.8,1.8,2.8,18.0,aytonde01
52,Myles Turner,C,26,IND,62,62,29.4,6.5,11.8,.548,1.5,4.0,.373,5.0,7.8,.638,.612,3.5,4.5,.783,1.4,6.1,7.5,1.4,0.6,2.3,1.7,3.5,18.0,turnemy01
53,D'Angelo Russell,PG,26,TOT,71,71,32.5,6.3,13.4,.469,2.7,6.9,.396,3.5,6.5,.548,.572,2.5,3.0,.829,0.5,2.5,3.0,6.2,1.0,0.4,2.6,2.0,17.8,russeda01
54,Nikola Vučević,C,32,CHI,82,82,33.5,7.3,14.0,.520,1.5,4.2,.349,5.8,9.8,.594,.573,1.6,1.9,.835,1.9,9.1,11.0,3.2,0.7,0.7,1.7,2.2,17.6,vucevni01
55,Michael Porter Jr.,SF,24,DEN,62,62,29.0,6.4,13.2,.487,3.0,7.3,.414,3.4,5.9,.579,.602,1.5,1.9,.800,1.0,4.5,5.5,1.0,0.6,0.5,1.1,1.9,17.4,portemi01
56,Gary Trent Jr.,SG,24,TOR,66,44,32.1,6.1,14.2,.433,2.5,6.8,.369,3.6,7.3,.493,.522,2.6,3.1,.839,0.5,2.2,2.6,1.6,1.6,0.2,0.8,1.5,17.4,trentga02
57,Spencer Dinwiddie,SG-PG,29,TOT,79,79,34.5,5.8,13.3,.438,2.3,6.2,.369,3.5,7.1,.498,.524,3.4,4.2,.812,0.4,3.1,3.4,6.5,0.8,0.3,1.8,2.4,17.3,dinwisp01
58,Norman Powell,SG,29,LAC,60,8,26.1,5.7,11.8,.479,1.9,4.8,.397,3.8,7.1,.534,.559,3.8,4.6,.812,0.4,2.5,2.9,1.8,0.8,0.3,1.7,2.1,17.0,powelno01
59,OG Anunoby,SF,25,TOR,67,67,35.6,6.3,13.2,.476,2.1,5.5,.387,4.2,7.7,.539,.556,2.1,2.5,.838,1.4,3.5,5.0,2.0,1.9,0.7,2.0,3.0,16.8,anunoog01
60,Buddy Hield,SF,30,IND,80,73,31.0,5.9,13.0,.458,3.6,8.5,.425,2.3,4.5,.518,.596,1.3,1.6,.822,0.8,4.2,5.0,2.8,1.2,0.3,1.7,2.0,16.8,hieldbu01
61,Bennedict Mathurin,SG,20,IND,78,17,28.5,5.3,12.2,.434,1.3,4.0,.323,4.0,8.2,.488,.487,4.8,5.8,.828,1.1,3.0,4.1,1.5,0.6,0.2,1.9,2.1,16.7,mathube01
62,Josh Giddey,PF,20,OKC,76,76,31.1,7.1,14.7,.482,1.0,3.1,.325,6.1,11.6,.524,.516,1.4,1.9,.731,1.9,5.9,7.9,6.2,0.8,0.4,2.8,1.9,16.6,giddejo01
63,Christian Wood,C,27,DAL,67,17,25.9,5.9,11.5,.515,1.6,4.2,.376,4.3,7.3,.594,.583,3.2,4.2,.772,1.3,6.0,7.3,1.8,0.4,1.1,1.8,2.5,16.6,woodch01
64,Aaron Gordon,PF,27,DEN,68,68,30.2,6.3,11.2,.564,0.9,2.5,.347,5.4,8.6,.628,.603,2.8,4.6,.608,2.4,4.1,6.6,3.0,0.8,0.8,1.4,1.9,16.3,gordoaa01
65,Jaden Ivey,SG,20,DET,74,73,31.1,5.5,13.3,.416,1.6,4.7,.343,3.9,8.6,.457,.477,3.6,4.8,.747,1.0,2.9,3.9,5.2,0.8,0.2,3.2,3.3,16.3,iveyja01
66,Evan Mobley,PF,21,CLE,79,79,34.4,6.6,12.0,.554,0.3,1.3,.216,6.4,10.7,.595,.566,2.6,3.8,.674,2.4,6.6,9.0,2.8,0.8,1.5,1.8,2.8,16.2,mobleev01
67,Brook Lopez,C,34,MIL,78,78,30.4,6.1,11.5,.531,1.7,4.7,.374,4.4,6.9,.637,.606,1.9,2.4,.784,2.0,4.7,6.7,1.3,0.5,2.5,1.4,2.6,15.9,lopezbr01
68,Russell Westbrook,PG,34,TOT,73,24,29.1,5.9,13.6,.436,1.2,3.9,.311,4.7,9.7,.487,.481,2.8,4.3,.656,1.2,4.6,5.8,7.5,1.0,0.5,3.5,2.2,15.9,westbru01
69,P.J. Washington,PF,24,CHO,73,73,32.6,5.9,13.4,.444,2.0,5.9,.348,3.9,7.5,.518,.520,1.7,2.4,.730,1.0,3.9,4.9,2.4,0.9,1.1,1.5,2.6,15.7,washipj01
70,De'Andre Hunter,SF,25,ATL,67,67,31.7,5.7,12.3,.461,1.5,4.3,.350,4.2,8.0,.521,.522,2.6,3.1,.826,0.7,3.6,4.2,1.4,0.5,0.3,1.2,3.0,15.4,huntede01
71,Scottie Barnes,SF,21,TOR,77,76,34.8,6.0,13.2,.456,0.8,2.9,.281,5.2,10.3,.505,.487,2.5,3.2,.772,2.3,4.3,6.6,4.8,1.1,0.8,2.0,2.2,15.3,barnesc01
72,Kevin Huerter,SG,24,SAC,75,75,29.4,5.6,11.5,.485,2.7,6.8,.402,2.9,4.7,.604,.603,1.3,1.7,.725,0.6,2.8,3.3,2.9,1.1,0.3,1.3,2.4,15.2,huertke01
73,Harrison Barnes,PF,30,SAC,82,82,32.5,4.6,9.6,.473,1.6,4.3,.374,3.0,5.3,.553,.556,4.3,5.0,.847,1.1,3.4,4.5,1.6,0.7,0.1,1.0,1.3,15.0,barneha02
74,Malcolm Brogdon,PG,30,BOS,67,0,26.0,5.3,10.9,.484,2.0,4.4,.444,3.3,6.5,.510,.574,2.4,2.7,.870,0.6,3.6,4.2,3.7,0.7,0.3,1.5,1.6,14.9,brogdma01
75,Immanuel Quickley,SG,23,NYK,81,21,28.9,5.2,11.6,.448,2.1,5.6,.370,3.1,6.0,.521,.537,2.5,3.1,.819,0.7,3.4,4.2,3.4,1.0,0.2,1.2,2.0,14.9,quickim01
76,Alperen Şengün,C,20,HOU,75,72,28.9,5.9,10.7,.553,0.3,0.8,.333,5.6,9.9,.570,.565,2.7,3.8,.715,3.2,5.8,9.0,3.9,0.9,0.9,2.6,3.4,14.8,sengual01
77,Tobias Harris,SF,30,PHI,74,74,32.9,5.7,11.4,.501,1.7,4.4,.389,4.0,7.0,.570,.575,1.5,1.7,.876,0.9,4.8,5.7,2.5,0.9,0.5,1.2,2.0,14.7,harrito02
78,Trey Murphy III,SF,22,NOP,79,65,31.0,4.9,10.1,.484,2.6,6.3,.406,2.3,3.8,.611,.610,2.2,2.4,.905,0.7,2.8,3.6,1.4,1.1,0.5,0.8,2.0,14.5,murphtr02
79,Tim Hardaway Jr.,SF,30,DAL,71,45,30.3,4.8,11.9,.401,3.0,7.7,.385,1.8,4.2,.431,.527,1.8,2.3,.770,0.3,3.2,3.5,1.8,0.7,0.2,0.8,1.7,14.4,hardati02
80,Jarrett Allen,C,24,CLE,68,68,32.6,5.9,9.2,.644,0.0,0.1,.100,5.9,9.1,.653,.645,2.4,3.3,.733,3.3,6.5,9.8,1.7,0.8,1.2,1.4,2.3,14.3,allenja01
81,Dillon Brooks,SF,27,MEM,73,73,30.3,5.4,13.6,.396,2.0,6.0,.326,3.4,7.6,.451,.468,1.6,2.1,.779,0.6,2.7,3.3,2.6,0.9,0.2,1.4,3.3,14.3,brookdi01
82,Bobby Portis,PF,27,MIL,70,22,26.0,5.7,11.5,.496,1.4,3.7,.370,4.3,7.8,.555,.555,1.4,1.8,.768,2.2,7.4,9.6,1.5,0.4,0.2,1.2,1.6,14.1,portibo01
83,Jonas Valančiūnas,C,30,NOP,79,79,24.9,5.6,10.3,.547,0.5,1.4,.349,5.2,8.9,.577,.570,2.3,2.8,.826,2.8,7.3,10.2,1.8,0.3,0.7,2.0,3.1,14.1,valanjo01
84,Jalen Williams,SG,21,OKC,75,62,30.3,5.5,10.6,.521,1.0,2.7,.356,4.5,7.9,.579,.567,2.1,2.5,.812,1.1,3.4,4.5,3.3,1.4,0.5,1.6,2.5,14.1,willija06
85,Markelle Fultz,PG,24,ORL,60,60,29.6,5.8,11.3,.514,0.5,1.5,.310,5.4,9.9,.544,.534,1.9,2.4,.783,1.2,2.8,3.9,5.7,1.5,0.4,2.3,2.2,14.0,fultzma01
86,Chris Paul,PG,37,PHO,59,59,32.0,5.0,11.3,.440,1.7,4.4,.375,3.3,6.9,.482,.513,2.3,2.7,.831,0.5,3.8,4.3,8.9,1.5,0.4,1.9,2.1,13.9,paulch01
87,Saddiq Bey,SF,23,TOT,77,37,27.6,4.6,10.9,.422,2.0,5.4,.361,2.6,5.4,.483,.513,2.7,3.1,.861,1.3,3.4,4.7,1.5,0.9,0.2,0.9,1.6,13.8,beysa01
88,Luguentz Dort,SF,23,OKC,74,73,30.7,4.6,11.8,.388,1.8,5.5,.330,2.8,6.3,.440,.466,2.7,3.5,.772,1.7,2.9,4.6,2.1,1.0,0.3,1.2,3.3,13.7,dortlu01
89,Malik Monk,SG,24,SAC,77,0,22.3,4.6,10.3,.448,1.9,5.2,.359,2.8,5.2,.538,.538,2.4,2.7,.889,0.4,2.2,2.6,3.9,0.6,0.3,1.9,1.6,13.5,monkma01
90,Rudy Gobert,C,30,MIN,70,70,30.7,5.1,7.8,.659,0.0,0.0,.000,5.1,7.8,.663,.659,3.1,4.9,.644,3.3,8.3,11.6,1.2,0.8,1.4,1.7,3.0,13.4,goberru01
91,John Collins,PF,25,ATL,71,71,30.0,5.1,10.0,.508,1.0,3.4,.292,4.1,6.6,.619,.557,2.0,2.5,.803,1.1,5.4,6.5,1.2,0.6,1.0,1.1,3.1,13.1,collijo01
92,Cole Anthony,PG,22,ORL,60,4,25.9,4.6,10.2,.454,1.3,3.4,.364,3.4,6.7,.500,.516,2.5,2.8,.894,0.8,4.0,4.8,3.9,0.6,0.5,1.5,2.6,13.0,anthoco01
93,Austin Reaves,SG,24,LAL,64,22,28.8,4.0,7.7,.529,1.3,3.4,.398,2.7,4.3,.631,.616,3.6,4.1,.864,0.5,2.5,3.0,3.4,0.5,0.3,1.5,1.7,13.0,reaveau01
94,Tre Jones,PG,23,SAS,68,65,29.2,5.0,10.9,.459,0.7,2.3,.285,4.4,8.6,.506,.489,2.2,2.5,.860,0.8,2.8,3.6,6.6,1.3,0.1,1.6,1.4,12.9,jonestr01
95,Jabari Smith Jr.,PF,19,HOU,79,79,31.0,4.6,11.3,.408,1.5,4.9,.307,3.1,6.3,.487,.475,2.1,2.6,.786,1.5,5.7,7.2,1.3,0.5,0.9,1.3,2.9,12.8,smithja05
96,Malik Beasley,SG,26,TOT,81,27,25.8,4.6,11.6,.395,2.9,8.1,.357,1.7,3.4,.484,.520,0.6,0.8,.769,0.4,3.1,3.5,1.5,0.8,0.1,1.1,1.3,12.7,beaslma01
97,KJ Martin,SF,22,HOU,82,49,28.0,5.0,8.8,.569,0.8,2.6,.315,4.2,6.1,.679,.617,1.8,2.7,.680,1.5,4.0,5.5,1.5,0.5,0.4,1.1,1.8,12.7,martike04
98,Nic Claxton,C,23,BRK,76,76,29.9,5.4,7.7,.705,0.0,0.0,.000,5.4,7.7,.708,.705,1.8,3.2,.541,2.4,6.8,9.2,1.9,0.9,2.5,1.3,2.8,12.6,claxtni01
99,Dennis Schröder,PG,29,LAL,66,50,30.1,4.1,9.8,.415,1.1,3.4,.329,3.0,6.4,.461,.472,3.3,3.8,.857,0.3,2.2,2.5,4.5,0.8,0.2,1.7,2.2,12.6,schrode01
100,Kelly Olynyk,C,31,UTA,68,68,28.6,4.1,8.2,.499,1.4,3.5,.394,2.7,4.7,.576,.583,2.9,3.4,.853,1.2,5.0,6.2,3.7,0.9,0.5,2.5,3.4,12.5,olynyke01
101,Jakob Poeltl,C,27,TOT,72,71,26.5,5.4,8.6,.629,0.0,0.0,.000,5.4,8.6,.630,.629,1.7,2.8,.592,3.3,5.8,9.1,2.7,0.9,1.2,1.7,2.7,12.5,poeltja01
102,Eric Gordon,SG,34,TOT,69,58,28.5,4.2,9.5,.446,1.9,5.2,.371,2.3,4.3,.535,.547,2.1,2.5,.821,0.2,1.7,1.9,2.7,0.6,0.4,1.5,1.1,12.4,gordoer01
103,Derrick White,SG,28,BOS,82,70,28.3,4.3,9.2,.462,1.8,4.8,.381,2.5,4.5,.548,.560,2.0,2.3,.875,0.6,2.9,3.6,3.9,0.7,0.9,1.2,2.2,12.4,whitede01
104,Keegan Murray,SF,22,SAC,80,78,29.8,4.4,9.8,.453,2.6,6.3,.411,1.9,3.5,.527,.584,0.8,1.0,.765,1.1,3.5,4.6,1.2,0.8,0.5,0.8,2.0,12.2,murrake02
105,Caris LeVert,SG,28,CLE,74,30,30.2,4.3,10.0,.431,1.7,4.4,.392,2.6,5.6,.462,.517,1.8,2.4,.722,0.7,3.1,3.8,3.9,1.0,0.3,1.6,2.3,12.1,leverca01
106,Jaden McDaniels,SF,22,MIN,79,79,30.6,4.7,9.1,.517,1.4,3.4,.398,3.3,5.7,.588,.591,1.3,1.8,.736,1.2,2.7,3.9,1.9,0.9,1.0,1.4,3.4,12.1,mcdanja02
107,Clint Capela,C,28,ATL,65,63,26.6,5.4,8.2,.653,0.0,0.0,.000,5.4,8.2,.654,.653,1.2,2.0,.603,4.0,7.1,11.0,0.9,0.7,1.2,0.8,2.1,12.0,capelca01
108,Mike Conley,PG,35,TOT,67,66,30.3,3.9,9.1,.428,2.0,5.2,.385,1.9,3.9,.486,.539,2.1,2.5,.834,0.5,2.2,2.7,6.7,1.1,0.2,1.5,2.1,11.9,conlemi01
109,Zach Collins,C,25,SAS,63,26,22.9,4.5,8.7,.518,0.9,2.3,.374,3.6,6.4,.571,.568,1.7,2.3,.761,1.8,4.5,6.4,2.9,0.6,0.8,2.0,3.2,11.6,colliza01
110,Bruce Brown,SF,26,DEN,80,31,28.5,4.5,9.3,.483,1.1,3.2,.358,3.3,6.1,.548,.545,1.5,1.9,.758,0.8,3.3,4.1,3.4,1.1,0.6,1.5,2.4,11.5,brownbr01
111,Naz Reid,C,23,MIN,68,11,18.4,4.6,8.5,.537,1.1,3.2,.346,3.5,5.3,.653,.602,1.3,1.9,.677,1.1,3.8,4.9,1.1,0.6,0.8,1.4,2.6,11.5,reidna01
112,Marcus Smart,PG,28,BOS,61,61,32.1,4.1,9.9,.415,1.9,5.6,.336,2.2,4.3,.519,.511,1.4,1.9,.746,0.8,2.4,3.1,6.3,1.5,0.4,2.3,2.8,11.5,smartma01
113,Max Strus,SF,26,MIA,80,33,28.4,4.1,9.9,.410,2.5,7.0,.350,1.6,2.8,.559,.535,1.0,1.1,.876,0.6,2.6,3.2,2.1,0.5,0.2,0.9,2.1,11.5,strusma01
114,Quentin Grimes,SG,22,NYK,71,66,29.9,4.0,8.5,.468,2.2,5.7,.386,1.8,2.7,.641,.599,1.1,1.4,.796,0.7,2.5,3.2,2.1,0.7,0.4,1.0,2.5,11.3,grimequ01
115,Rui Hachimura,PF,24,TOT,63,9,23.3,4.5,9.3,.486,0.8,2.5,.319,3.7,6.7,.550,.530,1.4,1.9,.739,0.8,3.7,4.5,0.9,0.3,0.4,0.8,1.1,11.2,hachiru01
116,Marcus Morris,PF,33,LAC,65,65,28.1,4.2,9.9,.426,1.7,4.7,.364,2.5,5.2,.484,.513,1.0,1.3,.782,0.4,3.5,4.0,1.8,0.6,0.3,0.9,2.1,11.2,morrima03
117,Corey Kispert,SF,23,WAS,74,45,28.3,3.9,7.9,.497,2.2,5.2,.424,1.7,2.7,.637,.637,1.0,1.2,.852,0.4,2.4,2.8,1.2,0.4,0.1,0.7,1.3,11.1,kispeco01
118,Kentavious Caldwell-Pope,SG,29,DEN,76,76,31.3,3.8,8.3,.462,1.8,4.2,.423,2.1,4.1,.502,.569,1.4,1.6,.824,0.5,2.3,2.7,2.4,1.5,0.5,1.1,1.9,10.8,caldwke01
119,Jaylen Nowell,SG,23,MIN,65,2,19.3,4.3,9.6,.448,1.0,3.6,.289,3.3,6.0,.542,.502,1.2,1.5,.778,0.6,2.1,2.6,2.0,0.6,0.1,1.0,1.6,10.8,nowelja01
120,Mason Plumlee,C,32,TOT,79,60,26.0,4.2,6.1,.680,0.0,0.0,,4.2,6.1,.680,.680,2.5,4.0,.636,2.9,6.0,8.9,3.1,0.6,0.6,1.5,2.7,10.8,plumlma01
121,Ivica Zubac,C,25,LAC,76,76,28.6,4.3,6.8,.634,0.0,0.0,.000,4.3,6.7,.637,.634,2.2,3.1,.697,3.1,6.8,9.9,1.0,0.4,1.3,1.5,2.9,10.8,zubaciv01
122,Talen Horton-Tucker,SG,22,UTA,65,20,20.2,4.0,9.4,.419,0.9,3.1,.286,3.1,6.3,.485,.467,1.9,2.6,.750,0.6,2.6,3.2,3.8,0.6,0.4,1.9,1.7,10.7,hortota01
123,Grayson Allen,SG,27,MIL,72,70,27.4,3.4,7.7,.440,2.0,5.1,.399,1.4,2.7,.518,.571,1.6,1.8,.905,0.8,2.4,3.3,2.3,0.9,0.2,1.0,1.6,10.4,allengr01
124,Killian Hayes,PG,21,DET,76,56,28.3,4.0,10.7,.377,1.1,3.8,.280,3.0,7.0,.429,.426,1.2,1.5,.821,0.4,2.5,2.9,6.2,1.4,0.4,2.3,2.9,10.3,hayeski01
125,Tyus Jones,PG,26,MEM,80,22,24.3,3.9,8.9,.438,1.5,4.1,.371,2.4,4.8,.495,.523,1.0,1.3,.800,0.4,2.2,2.5,5.2,1.0,0.1,0.9,0.4,10.3,jonesty01
126,Monte Morris,PG,27,WAS,62,61,27.3,4.0,8.3,.480,1.3,3.3,.382,2.7,5.0,.543,.555,1.0,1.2,.831,0.4,3.0,3.4,5.3,0.7,0.2,1.0,1.2,10.3,morrimo01
127,Malaki Branham,SG,19,SAS,66,32,23.5,4.1,9.3,.440,1.2,3.9,.302,2.9,5.4,.539,.503,0.9,1.1,.829,0.4,2.3,2.7,1.9,0.5,0.1,1.2,1.7,10.2,branhma01
128,Reggie Jackson,PG,32,TOT,68,40,24.4,3.9,9.4,.411,1.4,4.2,.333,2.5,5.2,.474,.486,1.0,1.1,.910,0.4,1.8,2.1,3.4,0.7,0.1,1.7,1.7,10.2,jacksre01
129,Doug McDermott,SF,31,SAS,64,0,20.5,3.7,8.2,.457,1.9,4.7,.413,1.8,3.5,.516,.575,0.8,1.1,.757,0.4,1.8,2.2,1.4,0.2,0.1,0.9,1.8,10.2,mcderdo01
130,Patrick Williams,PF,21,CHI,82,65,28.3,3.8,8.3,.464,1.4,3.4,.415,2.4,4.9,.498,.549,1.1,1.3,.857,1.0,3.0,4.0,1.2,0.9,0.9,1.2,1.8,10.2,willipa01
131,De'Anthony Melton,SG,24,PHI,77,58,27.9,3.6,8.5,.425,2.0,5.2,.390,1.6,3.2,.484,.546,0.9,1.1,.793,0.9,3.2,4.1,2.6,1.6,0.5,1.3,2.5,10.1,meltode01
132,Aaron Nesmith,SF,23,IND,73,60,24.9,3.5,8.1,.427,1.6,4.3,.366,1.9,3.8,.496,.525,1.6,1.9,.838,0.8,2.9,3.8,1.3,0.8,0.5,1.0,3.2,10.1,nesmiaa01
133,Josh Richardson,SG,29,TOT,65,10,23.5,3.7,8.5,.431,1.6,4.5,.365,2.0,4.0,.506,.528,1.1,1.2,.852,0.6,2.1,2.7,2.7,1.1,0.3,1.3,1.8,10.1,richajo01
134,Jonathan Kuminga,PF,20,GSW,67,16,20.8,3.9,7.4,.525,0.8,2.2,.370,3.1,5.2,.590,.579,1.3,2.1,.652,1.0,2.4,3.4,1.9,0.6,0.5,1.4,2.3,9.9,kuminjo01
135,Onyeka Okongwu,C,22,ATL,80,18,23.1,4.0,6.2,.638,0.1,0.2,.308,3.9,6.1,.647,.642,1.9,2.5,.781,2.7,4.5,7.2,1.0,0.7,1.3,1.0,3.1,9.9,okongon01
136,Shaedon Sharpe,SG,19,POR,80,15,22.2,3.8,8.1,.472,1.3,3.5,.360,2.6,4.6,.559,.551,0.9,1.3,.714,0.8,2.2,3.0,1.2,0.5,0.3,1.0,1.7,9.9,sharpsh01
137,Thomas Bryant,C,25,TOT,59,26,18.3,3.9,6.3,.623,0.4,1.0,.441,3.5,5.3,.658,.659,1.6,2.1,.738,1.5,4.3,5.7,0.5,0.3,0.5,0.6,1.7,9.8,bryanth01
138,Josh Hart,SF,27,TOT,76,52,32.3,3.6,6.8,.529,0.8,2.2,.372,2.8,4.7,.601,.588,1.7,2.3,.750,1.9,5.9,7.8,3.8,1.2,0.3,1.5,2.6,9.8,hartjo01
139,Al Horford,C,36,BOS,63,63,30.5,3.6,7.6,.476,2.3,5.2,.446,1.3,2.4,.539,.627,0.2,0.3,.714,1.2,5.0,6.2,3.0,0.5,1.0,0.6,1.9,9.8,horfoal01
140,Herbert Jones,PF,24,NOP,66,66,29.6,3.6,7.6,.469,0.8,2.5,.335,2.7,5.1,.536,.525,1.9,2.4,.764,1.5,2.6,4.1,2.5,1.6,0.6,1.3,3.2,9.8,joneshe01
141,Keita Bates-Diop,PF,27,SAS,67,42,21.7,3.5,6.9,.508,0.8,2.1,.394,2.7,4.8,.557,.568,1.8,2.2,.793,1.0,2.7,3.7,1.5,0.7,0.3,0.8,0.9,9.7,bateske01
142,Coby White,SG,22,CHI,74,2,23.4,3.6,8.0,.443,1.7,4.6,.372,1.8,3.4,.540,.551,0.8,0.9,.871,0.2,2.6,2.9,2.8,0.7,0.1,1.0,1.6,9.7,whiteco01
143,Caleb Martin,SF,27,MIA,71,49,29.3,3.6,7.7,.464,1.2,3.3,.356,2.4,4.4,.545,.540,1.3,1.6,.805,1.2,3.6,4.8,1.6,1.0,0.4,1.1,2.0,9.6,martica02
144,Isaiah Joe,SG,23,OKC,73,10,19.1,3.1,7.0,.441,2.2,5.4,.409,0.9,1.6,.553,.599,1.1,1.4,.820,0.4,2.0,2.4,1.2,0.7,0.1,0.5,1.4,9.5,joeis01
145,Andrew Nembhard,SG,23,IND,75,63,27.6,3.8,8.6,.441,1.2,3.5,.350,2.6,5.1,.504,.512,0.7,0.8,.790,0.5,2.2,2.7,4.5,0.9,0.2,1.7,2.4,9.5,nembhan01
146,Kyle Anderson,PF,29,MIN,69,46,28.4,3.7,7.2,.509,0.6,1.5,.410,3.0,5.7,.536,.553,1.4,2.0,.735,1.0,4.4,5.3,4.9,1.1,0.9,1.5,2.1,9.4,anderky01
147,Chris Boucher,PF,30,TOR,76,0,20.0,3.4,7.0,.493,0.8,2.5,.328,2.6,4.5,.585,.552,1.7,2.2,.762,2.1,3.5,5.5,0.4,0.6,0.8,0.5,1.9,9.4,bouchch01
148,Donte DiVincenzo,SG,26,GSW,72,36,26.3,3.3,7.5,.435,2.1,5.3,.397,1.2,2.3,.525,.574,0.8,1.0,.817,1.1,3.4,4.5,3.5,1.3,0.1,1.6,1.8,9.4,divindo01
149,Jalen McDaniels,SF,25,TOT,80,24,23.9,3.5,7.7,.455,1.0,2.9,.332,2.6,4.8,.530,.518,1.5,1.7,.841,0.8,3.5,4.3,1.6,1.0,0.4,1.2,2.6,9.4,mcdanja01
150,Jalen Smith,C,22,IND,68,31,18.8,3.6,7.5,.476,0.8,2.8,.283,2.8,4.7,.593,.530,1.5,2.0,.759,1.9,3.9,5.8,1.0,0.3,0.9,1.1,2.3,9.4,smithja04
151,Gabe Vincent,PG,26,MIA,68,34,25.9,3.4,8.3,.402,1.7,5.1,.334,1.6,3.2,.512,.505,1.0,1.1,.872,0.4,1.7,2.1,2.5,0.9,0.1,1.4,2.3,9.4,vincega01
152,Tari Eason,PF,21,HOU,82,5,21.5,3.6,8.0,.448,0.7,2.1,.343,2.9,6.0,.486,.493,1.3,1.8,.752,2.4,3.7,6.0,1.1,1.2,0.6,1.2,2.3,9.3,easonta01
153,Luke Kennard,SG,26,TOT,59,14,22.3,3.2,6.5,.492,2.3,4.6,.494,0.9,1.9,.487,.666,0.6,0.7,.949,0.3,2.4,2.7,1.5,0.5,0.1,0.8,1.4,9.3,kennalu01
154,Deni Avdija,SF,22,WAS,76,40,26.6,3.3,7.6,.437,0.9,3.1,.297,2.4,4.6,.530,.497,1.6,2.2,.739,1.0,5.4,6.4,2.8,0.9,0.4,1.6,2.8,9.2,avdijde01
155,Seth Curry,SG,32,BRK,61,7,19.9,3.4,7.4,.463,1.5,3.8,.405,1.9,3.6,.525,.568,0.8,0.9,.927,0.2,1.4,1.6,1.6,0.6,0.1,0.8,1.6,9.2,curryse01
156,Walker Kessler,C,21,UTA,74,40,23.0,4.0,5.6,.720,0.0,0.0,.333,4.0,5.6,.723,.721,1.1,2.1,.516,3.1,5.3,8.4,0.9,0.4,2.3,0.8,2.3,9.2,kesslwa01
157,Bol Bol,PF,23,ORL,70,33,21.5,3.7,6.8,.546,0.4,1.6,.265,3.3,5.2,.633,.577,1.2,1.5,.759,1.0,4.8,5.8,1.0,0.4,1.2,1.6,1.3,9.1,bolbo01
158,Jalen Duren,C,19,DET,67,31,24.9,3.9,5.9,.648,0.0,0.0,.000,3.9,5.9,.652,.648,1.4,2.3,.611,3.4,5.5,8.9,1.1,0.7,0.9,1.4,2.7,9.1,durenja01
159,Josh Green,SG,22,DAL,60,21,25.7,3.4,6.4,.537,1.1,2.8,.402,2.3,3.6,.643,.626,1.1,1.6,.723,0.9,2.1,3.0,1.7,0.7,0.1,1.2,2.6,9.1,greenjo02
160,Naji Marshall,SF,25,NOP,77,21,23.3,3.2,7.4,.433,0.9,2.8,.303,2.4,4.6,.513,.490,1.8,2.3,.789,0.6,3.0,3.6,2.5,0.7,0.2,1.3,1.5,9.1,marshna01
161,Santi Aldama,PF,22,MEM,77,20,21.8,3.2,6.8,.470,1.2,3.5,.353,2.0,3.4,.591,.560,1.4,1.9,.750,1.1,3.7,4.8,1.3,0.6,0.6,0.8,1.9,9.0,aldamsa01
162,Jose Alvarado,PG,24,NOP,61,10,21.5,3.3,8.0,.411,1.4,4.0,.336,1.9,4.0,.488,.496,1.1,1.3,.813,0.5,1.9,2.3,3.0,1.1,0.2,1.3,2.0,9.0,alvarjo01
163,Daniel Gafford,C,24,WAS,78,47,20.6,3.7,5.1,.732,0.0,0.0,,3.7,5.1,.732,.732,1.6,2.4,.679,2.1,3.5,5.6,1.1,0.4,1.3,1.1,2.4,9.0,gaffoda01
164,AJ Griffin,SF,19,ATL,72,12,19.5,3.4,7.4,.465,1.4,3.6,.390,2.0,3.8,.536,.560,0.6,0.7,.894,0.5,1.6,2.1,1.0,0.6,0.2,0.6,1.2,8.9,griffaj01
165,Terance Mann,SG,26,LAC,81,36,23.1,3.4,6.5,.519,1.0,2.4,.389,2.4,4.0,.598,.593,1.1,1.5,.780,1.0,2.5,3.4,2.3,0.5,0.3,1.0,1.8,8.8,mannte01
166,Royce O'Neale,SF,29,BRK,76,53,31.7,3.0,7.8,.386,2.1,5.5,.389,0.9,2.3,.379,.524,0.7,0.9,.725,0.7,4.3,5.1,3.7,0.9,0.6,1.5,3.1,8.8,onealro01
167,T.J. McConnell,PG,30,IND,75,6,20.3,3.8,6.9,.543,0.3,0.8,.441,3.4,6.2,.556,.568,0.8,0.9,.853,0.6,2.5,3.1,5.3,1.1,0.1,1.9,1.4,8.7,mccontj01
168,Jordan Nwora,SF,24,TOT,62,14,19.2,3.1,7.2,.436,1.4,3.4,.408,1.7,3.8,.462,.533,1.1,1.4,.791,0.8,2.9,3.7,1.4,0.4,0.2,1.1,1.2,8.7,nworajo01
169,Cedi Osman,SF,27,CLE,77,2,20.1,3.1,6.9,.451,1.5,4.1,.372,1.6,2.8,.564,.560,1.0,1.4,.694,0.3,2.0,2.3,1.5,0.5,0.1,0.7,1.6,8.7,osmande01
170,Ayo Dosunmu,SG,23,CHI,80,51,26.2,3.5,7.1,.493,0.7,2.4,.312,2.8,4.8,.583,.545,0.8,1.0,.805,0.6,2.2,2.8,2.6,0.8,0.3,1.2,2.3,8.6,dosunay01
171,Draymond Green,PF,32,GSW,73,73,31.5,3.4,6.5,.527,0.5,1.8,.305,2.9,4.7,.612,.570,1.1,1.5,.713,0.9,6.3,7.2,6.8,1.0,0.8,2.8,3.1,8.5,greendr01
172,Shake Milton,SG,26,PHI,76,11,20.6,3.2,6.6,.479,0.7,1.9,.378,2.4,4.7,.521,.535,1.3,1.5,.853,0.5,2.0,2.5,3.2,0.3,0.2,1.2,1.6,8.4,miltosh01
173,Dorian Finney-Smith,PF,29,TOT,66,66,30.4,3.0,7.6,.391,1.7,5.1,.337,1.2,2.5,.503,.505,0.7,0.9,.763,1.7,3.1,4.8,1.5,0.8,0.5,0.9,2.2,8.3,finnedo01
174,Terrence Ross,SG,31,TOT,63,9,21.1,3.2,7.4,.430,1.5,4.1,.368,1.7,3.3,.507,.532,0.4,0.5,.794,0.3,2.1,2.4,1.5,0.6,0.2,0.7,1.5,8.3,rosste01
175,Damion Lee,SG,30,PHO,74,5,20.4,2.7,6.1,.442,1.5,3.3,.445,1.2,2.8,.439,.564,1.3,1.4,.904,0.5,2.5,3.0,1.3,0.4,0.1,1.1,1.6,8.2,leeda03
176,Kevin Love,PF,34,TOT,62,20,20.0,2.7,6.8,.389,1.6,4.8,.334,1.1,2.1,.516,.506,1.3,1.5,.879,1.0,5.5,6.4,1.9,0.3,0.2,1.1,1.6,8.2,loveke01
177,Georges Niang,PF,29,PHI,78,1,19.4,2.8,6.4,.442,2.0,4.9,.401,0.9,1.5,.576,.596,0.5,0.6,.867,0.2,2.1,2.4,1.0,0.4,0.2,0.7,1.9,8.2,niangge01
178,Nick Richards,C,25,CHO,65,9,18.7,3.0,4.8,.629,0.0,0.0,1.000,3.0,4.8,.628,.631,2.1,2.8,.749,2.3,4.1,6.4,0.6,0.2,1.1,0.9,2.4,8.2,richani01
179,Grant Williams,PF,24,BOS,79,23,25.9,2.7,6.0,.454,1.5,3.7,.395,1.3,2.3,.546,.575,1.2,1.5,.770,1.1,3.5,4.6,1.7,0.5,0.4,1.0,2.4,8.1,willigr01
180,Jevon Carter,PG,27,MIL,81,39,22.3,3.0,7.0,.423,1.8,4.2,.421,1.2,2.8,.425,.549,0.4,0.5,.816,0.4,2.1,2.5,2.4,0.8,0.4,1.0,2.0,8.0,carteje01
181,Ochai Agbaji,SG,22,UTA,59,22,20.5,2.8,6.5,.427,1.4,3.9,.355,1.4,2.7,.532,.532,0.9,1.2,.812,0.7,1.3,2.1,1.1,0.3,0.3,0.7,1.7,7.9,agbajoc01
182,Jarred Vanderbilt,PF,23,TOT,78,65,24.1,3.2,5.8,.548,0.4,1.2,.322,2.8,4.6,.604,.580,1.2,1.8,.691,2.2,5.3,7.5,2.4,1.1,0.3,1.2,2.4,7.9,vandeja01
183,Tre Mann,PG,21,OKC,67,5,17.7,2.9,7.5,.393,1.2,3.8,.315,1.7,3.6,.475,.474,0.6,0.8,.764,0.4,1.9,2.3,1.8,0.6,0.2,0.9,1.5,7.7,manntr01
184,Pat Connaughton,SF,30,MIL,61,33,23.7,2.7,6.9,.392,1.8,5.3,.339,0.9,1.6,.566,.521,0.4,0.7,.659,0.8,3.8,4.6,1.3,0.6,0.2,0.5,1.1,7.6,connapa01
185,Joe Harris,SF,31,BRK,74,33,20.6,2.7,5.9,.457,1.9,4.5,.426,0.8,1.4,.551,.618,0.2,0.4,.643,0.3,1.9,2.2,1.4,0.5,0.2,0.6,1.9,7.6,harrijo01
186,Trey Lyles,PF,27,SAC,74,0,16.9,2.5,5.5,.458,1.2,3.2,.363,1.4,2.3,.595,.565,1.4,1.7,.815,0.9,3.1,4.1,0.9,0.4,0.4,0.9,1.3,7.6,lylestr01
187,Torrey Craig,PF,32,PHO,79,60,24.7,2.9,6.3,.456,1.3,3.2,.395,1.6,3.1,.518,.556,0.4,0.6,.711,1.8,3.6,5.4,1.5,0.6,0.8,0.9,2.3,7.4,craigto01
188,Devonte' Graham,PG,27,TOT,73,8,18.3,2.2,5.9,.374,1.6,4.6,.352,0.6,1.3,.452,.512,1.3,1.8,.748,0.3,1.4,1.7,2.7,0.6,0.2,0.7,1.1,7.4,grahade01
189,Mitchell Robinson,C,24,NYK,59,58,27.0,3.2,4.7,.671,0.0,0.0,,3.2,4.7,.671,.671,1.0,2.1,.484,4.5,4.9,9.4,0.9,0.9,1.8,0.7,2.7,7.4,robinmi01
190,Obi Toppin,PF,24,NYK,67,5,15.7,2.8,6.3,.446,1.3,3.7,.344,1.5,2.6,.593,.548,0.6,0.7,.809,0.4,2.4,2.8,1.0,0.3,0.2,0.6,1.0,7.4,toppiob01
191,Trendon Watford,PF,22,POR,62,12,19.1,2.9,5.2,.560,0.4,1.0,.391,2.5,4.2,.602,.599,1.2,1.6,.720,0.7,3.2,3.8,2.1,0.5,0.2,1.1,1.9,7.4,watfotr01
192,Josh Okogie,SG,24,PHO,72,26,18.8,2.3,5.8,.391,0.9,2.7,.335,1.3,3.0,.442,.471,1.9,2.7,.724,1.5,2.0,3.5,1.5,0.8,0.5,0.9,1.6,7.3,okogijo01
193,Reggie Bullock,SF,31,DAL,78,55,30.3,2.5,6.0,.409,1.9,5.1,.380,0.5,0.9,.562,.569,0.3,0.5,.703,0.4,3.2,3.6,1.4,0.7,0.2,0.5,2.1,7.2,bullore01
194,Isaiah Jackson,C,21,IND,63,12,16.5,2.8,5.0,.563,0.0,0.2,.143,2.8,4.8,.582,.566,1.5,2.3,.651,1.8,2.7,4.5,0.8,0.5,1.5,0.8,2.4,7.2,jacksis01
195,Troy Brown Jr.,SF,23,LAL,76,45,24.5,2.6,6.1,.430,1.4,3.7,.381,1.2,2.4,.505,.545,0.4,0.5,.872,0.8,3.2,4.1,1.3,0.8,0.2,0.6,1.6,7.1,browntr01
196,Kendrick Nunn,SG,27,TOT,70,2,13.8,2.7,6.4,.424,1.1,3.2,.354,1.6,3.2,.493,.512,0.5,0.6,.854,0.2,1.3,1.6,1.3,0.4,0.1,0.9,0.9,7.1,nunnke01
197,Kevon Looney,C,26,GSW,82,70,23.9,3.0,4.7,.630,0.0,0.0,.000,3.0,4.7,.632,.630,1.1,1.9,.606,3.3,5.9,9.3,2.5,0.6,0.6,0.5,2.7,7.0,looneke01
198,Xavier Tillman Sr.,C,24,MEM,61,29,19.3,3.1,5.0,.614,0.1,0.2,.267,3.0,4.8,.632,.621,0.8,1.5,.551,2.0,3.0,5.0,1.6,1.0,0.5,0.7,1.6,7.0,tillmxa01
199,Cory Joseph,PG,31,DET,62,2,19.8,2.4,5.7,.427,1.1,2.9,.389,1.3,2.8,.468,.527,0.9,1.2,.792,0.3,1.4,1.7,3.5,0.5,0.1,0.9,1.4,6.9,josepco01
200,Larry Nance Jr.,C,30,NOP,65,1,21.2,2.9,4.7,.610,0.2,0.6,.333,2.6,4.0,.654,.633,0.8,1.2,.696,1.6,3.8,5.4,1.8,0.9,0.6,0.6,2.0,6.8,nancela02
201,Aaron Wiggins,SG,24,OKC,70,14,18.5,2.7,5.2,.512,0.7,1.7,.393,2.0,3.4,.573,.579,0.8,1.0,.831,1.0,2.0,3.0,1.1,0.6,0.2,0.8,1.6,6.8,wiggiaa01
202,Terence Davis,SG,25,SAC,64,5,13.1,2.4,5.7,.423,1.4,3.8,.366,1.0,1.9,.537,.545,0.5,0.7,.791,0.3,1.9,2.2,1.0,0.7,0.2,0.8,1.6,6.7,daviste02
203,Anthony Lamb,SF,25,GSW,62,4,19.3,2.4,5.1,.471,1.2,3.2,.367,1.2,1.9,.652,.588,0.7,1.0,.767,0.9,2.6,3.5,1.5,0.5,0.3,0.9,2.2,6.7,lamban01
204,Dwight Powell,C,31,DAL,76,64,19.2,2.6,3.5,.732,0.0,0.1,.000,2.6,3.5,.746,.732,1.5,2.2,.667,2.0,2.2,4.1,0.9,0.6,0.3,0.9,2.8,6.7,poweldw01
205,David Roddy,PF,21,MEM,70,4,18.0,2.6,6.0,.429,0.9,3.0,.307,1.6,3.0,.553,.506,0.6,0.9,.631,0.7,2.0,2.8,0.8,0.4,0.3,0.8,1.5,6.7,roddyda01
206,Drew Eubanks,C,25,POR,78,28,20.3,2.7,4.3,.641,0.1,0.2,.389,2.7,4.1,.655,.651,1.1,1.6,.664,1.7,3.7,5.4,1.3,0.5,1.3,0.9,2.2,6.6,eubandr01
207,Jordan Goodwin,PG,24,WAS,62,7,17.8,2.5,5.7,.448,0.6,1.9,.322,1.9,3.8,.511,.501,0.9,1.1,.768,0.9,2.4,3.3,2.7,0.9,0.4,0.9,1.5,6.6,goodwjo01
208,Kevin Knox,SF-PF,23,TOT,63,5,15.1,2.4,5.3,.458,1.0,3.0,.349,1.4,2.3,.596,.556,0.7,1.0,.767,0.5,2.3,2.8,0.5,0.4,0.2,0.8,1.5,6.6,knoxke01
209,Jock Landale,C,27,PHO,69,4,14.2,2.6,4.9,.528,0.3,1.2,.250,2.3,3.7,.621,.559,1.1,1.5,.752,1.7,2.3,4.1,1.0,0.2,0.4,0.9,1.8,6.6,landajo01
210,Sam Hauser,SF,25,BOS,80,8,16.1,2.3,5.0,.455,1.8,4.2,.418,0.5,0.8,.656,.631,0.2,0.2,.706,0.4,2.1,2.6,0.9,0.4,0.3,0.4,1.2,6.4,hausesa01
211,Isaac Okoro,SF,22,CLE,76,46,21.7,2.3,4.7,.494,0.8,2.3,.363,1.5,2.4,.617,.582,1.0,1.4,.757,0.7,1.8,2.5,1.1,0.7,0.4,0.6,2.1,6.4,okorois01
212,Goran Dragić,PG,36,TOT,58,0,15.0,2.4,5.8,.421,0.9,2.5,.359,1.5,3.3,.468,.499,0.5,0.8,.689,0.3,1.1,1.4,2.6,0.2,0.1,1.1,1.1,6.3,dragigo01
213,Nickeil Alexander-Walker,SG,24,TOT,59,3,15.0,2.2,5.0,.444,1.0,2.7,.384,1.2,2.3,.515,.547,0.7,1.0,.667,0.3,1.5,1.7,1.8,0.5,0.4,0.9,1.5,6.2,alexani01
214,Patrick Beverley,SG-PG,34,TOT,67,67,27.1,2.1,5.4,.400,1.2,3.6,.335,1.0,1.8,.529,.511,0.7,1.0,.723,0.7,3.0,3.7,2.9,0.9,0.6,0.9,2.8,6.2,beverpa01
215,Nicolas Batum,PF,34,LAC,78,19,21.9,2.1,4.9,.420,1.6,4.1,.391,0.5,0.8,.563,.583,0.4,0.6,.708,0.8,3.0,3.8,1.6,0.7,0.6,0.6,1.9,6.1,batumni01
216,Oshae Brissett,PF,24,IND,65,2,16.7,1.9,4.9,.386,0.7,2.4,.310,1.2,2.5,.457,.461,1.6,2.2,.717,1.0,2.4,3.4,0.7,0.5,0.2,0.5,1.2,6.1,brissos01
217,Mike Muscala,C,31,TOT,63,9,15.0,2.1,4.6,.449,1.3,3.3,.391,0.8,1.3,.588,.587,0.6,0.8,.769,0.6,2.6,3.2,0.8,0.2,0.4,0.4,1.6,6.1,muscami01
218,Andre Drummond,C,29,CHI,67,0,12.7,2.5,4.1,.606,0.0,0.0,.000,2.5,4.0,.613,.606,1.0,1.9,.536,2.1,4.6,6.6,0.5,0.7,0.4,1.1,1.7,6.0,drumman01
219,Josh Christopher,SG,21,HOU,64,2,12.3,2.4,5.1,.465,0.3,1.4,.236,2.1,3.8,.550,.497,0.7,0.9,.750,0.3,0.8,1.1,1.1,0.5,0.2,0.9,0.9,5.8,chrisjo01
220,Alex Caruso,PG,28,CHI,67,36,23.5,1.9,4.3,.455,0.8,2.3,.364,1.1,2.0,.556,.551,0.9,1.1,.808,0.6,2.3,2.9,2.9,1.5,0.7,1.1,2.4,5.6,carusal01
221,Jalen Johnson,SF,21,ATL,70,6,14.9,2.3,4.6,.491,0.4,1.5,.288,1.8,3.1,.587,.537,0.7,1.1,.628,0.7,3.3,4.0,1.2,0.5,0.5,0.6,1.6,5.6,johnsja05
222,Davion Mitchell,PG,24,SAC,80,9,18.1,2.3,5.0,.454,0.8,2.5,.320,1.5,2.5,.584,.533,0.3,0.4,.806,0.2,1.1,1.3,2.3,0.6,0.2,0.8,1.4,5.6,mitchda01
223,Yuta Watanabe,SF,28,BRK,58,1,16.0,2.0,4.0,.491,1.0,2.3,.444,0.9,1.7,.557,.621,0.6,0.8,.723,0.5,1.9,2.4,0.8,0.4,0.3,0.4,1.4,5.6,watanyu01
224,Wenyen Gabriel,C,25,LAL,68,2,15.1,2.3,3.8,.596,0.1,0.5,.278,2.1,3.3,.647,.615,0.8,1.2,.619,1.7,2.5,4.2,0.5,0.4,0.5,0.7,2.1,5.5,gabriwe01
225,Lamar Stevens,SF,25,CLE,62,25,18.1,2.1,4.6,.448,0.5,1.5,.316,1.6,3.1,.513,.500,0.6,0.9,.702,0.8,2.6,3.3,0.5,0.4,0.3,0.4,1.3,5.3,stevela01
226,John Konchar,SF,26,MEM,72,23,20.8,1.9,4.4,.431,0.8,2.5,.339,1.1,2.0,.545,.525,0.4,0.5,.778,0.9,3.4,4.3,1.4,1.1,0.3,0.5,1.6,5.1,konchjo01
227,Vlatko Čančar,PF,25,DEN,60,9,14.8,1.8,3.8,.476,0.7,1.9,.374,1.1,1.9,.580,.570,0.6,0.7,.927,0.4,1.7,2.1,1.3,0.4,0.2,0.6,1.4,5.0,cancavl01
228,Isaiah Hartenstein,C,24,NYK,82,8,19.8,2.1,4.0,.535,0.1,0.5,.216,2.0,3.5,.576,.547,0.6,0.9,.676,2.5,4.0,6.5,1.2,0.6,0.8,0.8,2.6,5.0,harteis01
229,Derrick Jones Jr.,PF,25,CHI,64,0,14.0,1.8,3.6,.500,0.4,1.3,.338,1.4,2.3,.587,.559,1.0,1.3,.738,0.9,1.5,2.4,0.5,0.5,0.6,0.4,1.3,5.0,jonesde02
230,Chimezie Metu,PF,25,SAC,66,0,10.4,2.0,3.3,.589,0.1,0.6,.237,1.8,2.7,.663,.610,0.8,1.1,.740,0.7,2.3,3.0,0.6,0.3,0.3,0.5,1.2,4.9,metuch01
231,Moses Moody,SG,20,GSW,63,3,13.0,1.7,3.6,.476,0.8,2.1,.363,0.9,1.5,.641,.584,0.6,0.8,.698,0.4,1.2,1.7,0.8,0.3,0.1,0.5,0.9,4.8,moodymo01
232,Christian Braun,SG,21,DEN,76,6,15.5,1.9,3.8,.495,0.4,1.3,.354,1.4,2.5,.565,.554,0.5,0.8,.625,0.6,1.8,2.4,0.8,0.5,0.2,0.5,1.3,4.7,braunch01
233,Bismack Biyombo,C,30,PHO,61,14,14.3,2.0,3.4,.578,0.0,0.0,,2.0,3.4,.578,.578,0.4,1.1,.357,1.5,2.8,4.3,0.9,0.3,1.4,0.8,1.9,4.3,biyombi01
234,Paul Reed,C,23,PHI,69,2,10.9,1.8,3.0,.593,0.0,0.1,.167,1.8,2.9,.606,.596,0.6,0.7,.745,1.6,2.2,3.8,0.4,0.7,0.7,0.7,1.8,4.2,reedpa01
235,Ish Wainright,SF,28,PHO,60,2,15.3,1.4,3.8,.370,1.0,2.9,.329,0.5,0.9,.500,.496,0.4,0.5,.839,0.8,1.6,2.3,0.9,0.6,0.4,0.4,2.0,4.2,wainris01
236,Matisse Thybulle,SF-SG,25,TOT,71,28,16.9,1.5,3.6,.435,0.8,2.1,.365,0.8,1.5,.533,.542,0.3,0.4,.679,0.6,1.4,2.0,0.7,1.2,0.5,0.3,1.6,4.1,thybuma01
237,Aaron Holiday,PG,26,ATL,63,6,13.4,1.5,3.5,.418,0.6,1.4,.409,0.9,2.1,.424,.500,0.4,0.5,.844,0.4,0.8,1.2,1.4,0.6,0.2,0.6,1.3,3.9,holidaa01
238,Dyson Daniels,PG,19,NOP,59,11,17.7,1.5,3.5,.418,0.5,1.5,.314,1.0,2.1,.492,.483,0.4,0.7,.650,0.6,2.6,3.2,2.3,0.7,0.2,1.0,1.7,3.8,daniedy01
239,Luke Kornet,C,27,BOS,69,0,11.7,1.6,2.5,.665,0.0,0.2,.231,1.6,2.3,.701,.674,0.5,0.6,.821,1.2,1.6,2.9,0.8,0.2,0.7,0.4,1.2,3.8,kornelu01
240,JT Thor,PF,20,CHO,69,8,14.0,1.4,3.4,.399,0.6,1.8,.317,0.8,1.7,.487,.481,0.5,0.7,.702,0.5,1.7,2.2,0.5,0.3,0.3,0.6,1.0,3.8,thorjt01
241,Miles McBride,PG,22,NYK,64,2,11.9,1.2,3.4,.358,0.6,2.1,.299,0.6,1.3,.457,.451,0.4,0.7,.667,0.2,0.6,0.8,1.1,0.6,0.1,0.4,0.9,3.5,mcbrimi01
242,P.J. Tucker,PF,37,PHI,75,75,25.6,1.3,3.0,.427,0.7,1.9,.393,0.5,1.1,.482,.549,0.3,0.3,.826,1.3,2.7,3.9,0.8,0.5,0.2,0.6,2.4,3.5,tuckepj01
243,Anthony Gill,PF,30,WAS,59,8,10.6,1.2,2.2,.538,0.1,0.5,.138,1.1,1.7,.650,.553,0.8,1.1,.731,0.6,1.1,1.7,0.6,0.1,0.2,0.3,1.2,3.3,gillan01
244,Christian Koloko,C,22,TOR,58,19,13.8,1.2,2.6,.480,0.0,0.2,.083,1.2,2.4,.514,.483,0.6,1.0,.627,1.4,1.5,2.9,0.5,0.4,1.0,0.3,2.2,3.1,kolokch01
245,Usman Garuba,C,20,HOU,75,1,12.9,1.1,2.4,.486,0.3,0.8,.407,0.8,1.6,.525,.554,0.4,0.6,.617,1.6,2.5,4.1,0.9,0.6,0.4,0.6,1.8,3.0,garubus0